Area,ISO 3 code,Year,Area type,Continent,Ember region,EU,OECD,G20,G7,ASEAN,Category,Subcategory,Variable,Unit,Value,YoY absolute change,YoY % change,rn
ASEAN,,2024,Region,,,,,,,,Power sector emissions,CO2 intensity,CO2 intensity,gCO2/kWh,571.72,2.99,0.53,1
Afghanistan,AFG,2024,Country or economy,Asia,Asia,0.0,0.0,0.0,0.0,0.0,Power sector emissions,CO2 intensity,CO2 intensity,gCO2/kWh,131.31,7.6,6.14,1
Africa,,2024,Region,,,,,,,,Power sector emissions,CO2 intensity,CO2 intensity,gCO2/kWh,543.62,-0.29,-0.05,1
Albania,ALB,2024,Country or economy,Europe,Europe,0.0,0.0,0.0,0.0,0.0,Power sector emissions,CO2 intensity,CO2 intensity,gCO2/kWh,25.18,0.76,3.11,1
Algeria,DZA,2024,Country or economy,Africa,Africa,0.0,0.0,0.0,0.0,0.0,Power sector emissions,CO2 intensity,CO2 intensity,gCO2/kWh,632.94,-0.67,-0.11,1
American Samoa,ASM,2024,Country or economy,Oceania,Oceania,0.0,0.0,0.0,0.0,0.0,Power sector emissions,CO2 intensity,CO2 intensity,gCO2/kWh,611.11,-35.95,-5.56,1
Angola,AGO,2024,Country or economy,Africa,Africa,0.0,0.0,0.0,0.0,0.0,Power sector emissions,CO2 intensity,CO2 intensity,gCO2/kWh,185.38,1.89,1.03,1
Antigua and Barbuda,ATG,2024,Country or economy,North America,Latin America and Caribbean,0.0,0.0,0.0,0.0,0.0,Power sector emissions,CO2 intensity,CO2 intensity,gCO2/kWh,594.6,-16.51,-2.7,1
Argentina,ARG,2024,Country or economy,South America,Latin America and Caribbean,0.0,0.0,1.0,0.0,0.0,Power sector emissions,CO2 intensity,CO2 intensity,gCO2/kWh,344.83,-6.07,-1.73,1
Armenia,ARM,2024,Country or economy,Asia,Asia,0.0,0.0,0.0,0.0,0.0,Power sector emissions,CO2 intensity,CO2 intensity,gCO2/kWh,240.31,-22.12,-8.43,1
Aruba,ABW,2024,Country or economy,South America,Latin America and Caribbean,0.0,0.0,0.0,0.0,0.0,Power sector emissions,CO2 intensity,CO2 intensity,gCO2/kWh,550.0,0.0,0.0,1
Asia,,2024,Region,,,,,,,,Power sector emissions,CO2 intensity,CO2 intensity,gCO2/kWh,569.52,-19.62,-3.33,1
Australia,AUS,2024,Country or economy,Oceania,Oceania,0.0,1.0,1.0,0.0,0.0,Power sector emissions,CO2 intensity,CO2 intensity,gCO2/kWh,553.83,-2.87,-0.52,1
Austria,AUT,2025,Country or economy,Europe,Europe,1.0,1.0,0.0,0.0,0.0,Power sector emissions,CO2 intensity,CO2 intensity,gCO2/kWh,116.91,13.43,12.98,1
Azerbaijan,AZE,2024,Country or economy,Asia,Asia,0.0,0.0,0.0,0.0,0.0,Power sector emissions,CO2 intensity,CO2 intensity,gCO2/kWh,634.34,-35.65,-5.32,1
Bahamas (the),BHS,2024,Country or economy,North America,Latin America and Caribbean,0.0,0.0,0.0,0.0,0.0,Power sector emissions,CO2 intensity,CO2 intensity,gCO2/kWh,653.33,1.75,0.27,1
Bahrain,BHR,2024,Country or economy,Asia,Middle East,0.0,0.0,0.0,0.0,0.0,Power sector emissions,CO2 intensity,CO2 intensity,gCO2/kWh,902.24,-0.35,-0.04,1
Bangladesh,BGD,2024,Country or economy,Asia,Asia,0.0,0.0,0.0,0.0,0.0,Power sector emissions,CO2 intensity,CO2 intensity,gCO2/kWh,695.7,12.98,1.9,1
Barbados,BRB,2024,Country or economy,North America,Latin America and Caribbean,0.0,0.0,0.0,0.0,0.0,Power sector emissions,CO2 intensity,CO2 intensity,gCO2/kWh,594.6,-5.4,-0.9,1
Belarus,BLR,2025,Country or economy,Europe,Europe,0.0,0.0,0.0,0.0,0.0,Power sector emissions,CO2 intensity,CO2 intensity,gCO2/kWh,309.25,-20.3,-6.16,1
Belgium,BEL,2025,Country or economy,Europe,Europe,1.0,1.0,0.0,0.0,0.0,Power sector emissions,CO2 intensity,CO2 intensity,gCO2/kWh,149.82,22.86,18.01,1
Belize,BLZ,2024,Country or economy,North America,Latin America and Caribbean,0.0,0.0,0.0,0.0,0.0,Power sector emissions,CO2 intensity,CO2 intensity,gCO2/kWh,170.21,14.65,9.42,1
Benin,BEN,2024,Country or economy,Africa,Africa,0.0,0.0,0.0,0.0,0.0,Power sector emissions,CO2 intensity,CO2 intensity,gCO2/kWh,584.16,-5.84,-0.99,1
Bermuda,BMU,2024,Country or economy,North America,Latin America and Caribbean,0.0,0.0,0.0,0.0,0.0,Power sector emissions,CO2 intensity,CO2 intensity,gCO2/kWh,639.34,-1.29,-0.2,1
Bhutan,BTN,2024,Country or economy,Asia,Asia,0.0,0.0,0.0,0.0,0.0,Power sector emissions,CO2 intensity,CO2 intensity,gCO2/kWh,23.64,-0.55,-2.27,1
Bolivia,BOL,2024,Country or economy,South America,Latin America and Caribbean,0.0,0.0,0.0,0.0,0.0,Power sector emissions,CO2 intensity,CO2 intensity,gCO2/kWh,495.2,-6.0,-1.2,1
Bosnia Herzegovina,BIH,2025,Country or economy,Europe,Europe,0.0,0.0,0.0,0.0,0.0,Power sector emissions,CO2 intensity,CO2 intensity,gCO2/kWh,570.64,-30.39,-5.06,1
Botswana,BWA,2024,Country or economy,Africa,Africa,0.0,0.0,0.0,0.0,0.0,Power sector emissions,CO2 intensity,CO2 intensity,gCO2/kWh,851.31,-3.18,-0.37,1
Brazil,BRA,2024,Country or economy,South America,Latin America and Caribbean,0.0,0.0,1.0,0.0,0.0,Power sector emissions,CO2 intensity,CO2 intensity,gCO2/kWh,106.06,9.8,10.18,1
Brunei Darussalam,BRN,2024,Country or economy,Asia,Asia,0.0,0.0,0.0,0.0,1.0,Power sector emissions,CO2 intensity,CO2 intensity,gCO2/kWh,892.09,-2.55,-0.29,1
Bulgaria,BGR,2025,Country or economy,Europe,Europe,1.0,0.0,0.0,0.0,0.0,Power sector emissions,CO2 intensity,CO2 intensity,gCO2/kWh,275.55,-3.3,-1.18,1
Burkina Faso,BFA,2024,Country or economy,Africa,Africa,0.0,0.0,0.0,0.0,0.0,Power sector emissions,CO2 intensity,CO2 intensity,gCO2/kWh,562.13,0.0,0.0,1
Burundi,BDI,2024,Country or economy,Africa,Africa,0.0,0.0,0.0,0.0,0.0,Power sector emissions,CO2 intensity,CO2 intensity,gCO2/kWh,183.67,3.67,2.04,1
Cabo Verde,CPV,2024,Country or economy,Africa,Africa,0.0,0.0,0.0,0.0,0.0,Power sector emissions,CO2 intensity,CO2 intensity,gCO2/kWh,461.54,-18.46,-3.85,1
Cambodia,KHM,2024,Country or economy,Asia,Asia,0.0,0.0,0.0,0.0,1.0,Power sector emissions,CO2 intensity,CO2 intensity,gCO2/kWh,538.76,47.58,9.69,1
Cameroon,CMR,2024,Country or economy,Africa,Africa,0.0,0.0,0.0,0.0,0.0,Power sector emissions,CO2 intensity,CO2 intensity,gCO2/kWh,225.9,1.52,0.68,1
Canada,CAN,2024,Country or economy,North America,North America,0.0,1.0,1.0,1.0,0.0,Power sector emissions,CO2 intensity,CO2 intensity,gCO2/kWh,185.35,10.98,6.3,1
Cayman Islands (the),CYM,2024,Country or economy,North America,Latin America and Caribbean,0.0,0.0,0.0,0.0,0.0,Power sector emissions,CO2 intensity,CO2 intensity,gCO2/kWh,633.8,-9.06,-1.41,1
Central African Republic (the),CAF,2023,Country or economy,Africa,Africa,0.0,0.0,0.0,0.0,0.0,Power sector emissions,CO2 intensity,CO2 intensity,gCO2/kWh,0.0,0.0,,1
Chad,TCD,2024,Country or economy,Africa,Africa,0.0,0.0,0.0,0.0,0.0,Power sector emissions,CO2 intensity,CO2 intensity,gCO2/kWh,621.62,10.51,1.72,1
Chile,CHL,2024,Country or economy,South America,Latin America and Caribbean,0.0,1.0,0.0,0.0,0.0,Power sector emissions,CO2 intensity,CO2 intensity,gCO2/kWh,259.87,-43.95,-14.47,1
China,CHN,2024,Country or economy,Asia,Asia,0.0,0.0,1.0,0.0,0.0,Power sector emissions,CO2 intensity,CO2 intensity,gCO2/kWh,555.4,-27.64,-4.74,1
Colombia,COL,2024,Country or economy,South America,Latin America and Caribbean,0.0,1.0,0.0,0.0,0.0,Power sector emissions,CO2 intensity,CO2 intensity,gCO2/kWh,298.3,39.93,15.45,1
Comoros (the),COM,2023,Country or economy,Africa,Africa,0.0,0.0,0.0,0.0,0.0,Power sector emissions,CO2 intensity,CO2 intensity,gCO2/kWh,642.86,0.0,0.0,1
Congo (the Democratic Republic of the),COD,2024,Country or economy,Africa,Africa,0.0,0.0,0.0,0.0,0.0,Power sector emissions,CO2 intensity,CO2 intensity,gCO2/kWh,27.64,0.77,2.87,1
Congo (the),COG,2024,Country or economy,Africa,Africa,0.0,0.0,0.0,0.0,0.0,Power sector emissions,CO2 intensity,CO2 intensity,gCO2/kWh,716.12,23.96,3.46,1
Cook Islands (the),COK,2024,Country or economy,Oceania,Oceania,0.0,0.0,0.0,0.0,0.0,Power sector emissions,CO2 intensity,CO2 intensity,gCO2/kWh,250.0,0.0,0.0,1
Costa Rica,CRI,2024,Country or economy,North America,Latin America and Caribbean,0.0,1.0,0.0,0.0,0.0,Power sector emissions,CO2 intensity,CO2 intensity,gCO2/kWh,25.46,0.72,2.91,1
Cote d'Ivoire,CIV,2024,Country or economy,Africa,Africa,0.0,0.0,0.0,0.0,0.0,Power sector emissions,CO2 intensity,CO2 intensity,gCO2/kWh,405.01,6.1,1.53,1
Croatia,HRV,2025,Country or economy,Europe,Europe,1.0,0.0,0.0,0.0,0.0,Power sector emissions,CO2 intensity,CO2 intensity,gCO2/kWh,158.5,-12.2,-7.15,1
Cuba,CUB,2024,Country or economy,North America,Latin America and Caribbean,0.0,0.0,0.0,0.0,0.0,Power sector emissions,CO2 intensity,CO2 intensity,gCO2/kWh,642.82,-1.56,-0.24,1
Cyprus,CYP,2025,Country or economy,Europe,Europe,1.0,0.0,0.0,0.0,0.0,Power sector emissions,CO2 intensity,CO2 intensity,gCO2/kWh,489.0,-22.23,-4.35,1
Czechia,CZE,2025,Country or economy,Europe,Europe,1.0,1.0,0.0,0.0,0.0,Power sector emissions,CO2 intensity,CO2 intensity,gCO2/kWh,401.46,-12.77,-3.08,1
Denmark,DNK,2025,Country or economy,Europe,Europe,1.0,1.0,0.0,0.0,0.0,Power sector emissions,CO2 intensity,CO2 intensity,gCO2/kWh,114.41,-17.36,-13.17,1
Djibouti,DJI,2024,Country or economy,Africa,Africa,0.0,0.0,0.0,0.0,0.0,Power sector emissions,CO2 intensity,CO2 intensity,gCO2/kWh,450.0,0.0,0.0,1
Dominica,DMA,2023,Country or economy,North America,Latin America and Caribbean,0.0,0.0,0.0,0.0,0.0,Power sector emissions,CO2 intensity,CO2 intensity,gCO2/kWh,600.0,0.0,0.0,1
Dominican Republic (the),DOM,2024,Country or economy,North America,Latin America and Caribbean,0.0,0.0,0.0,0.0,0.0,Power sector emissions,CO2 intensity,CO2 intensity,gCO2/kWh,567.62,-11.78,-2.03,1
EU,,2025,Region,,,,,,,,Power sector emissions,CO2 intensity,CO2 intensity,gCO2/kWh,209.91,-1.29,-0.61,1
Ecuador,ECU,2024,Country or economy,South America,Latin America and Caribbean,0.0,0.0,0.0,0.0,0.0,Power sector emissions,CO2 intensity,CO2 intensity,gCO2/kWh,203.61,8.19,4.19,1
Egypt,EGY,2024,Country or economy,Africa,Africa,0.0,0.0,0.0,0.0,0.0,Power sector emissions,CO2 intensity,CO2 intensity,gCO2/kWh,574.5,3.21,0.56,1
El Salvador,SLV,2024,Country or economy,North America,Latin America and Caribbean,0.0,0.0,0.0,0.0,0.0,Power sector emissions,CO2 intensity,CO2 intensity,gCO2/kWh,113.32,-22.13,-16.34,1
Equatorial Guinea,GNQ,2024,Country or economy,Africa,Africa,0.0,0.0,0.0,0.0,0.0,Power sector emissions,CO2 intensity,CO2 intensity,gCO2/kWh,644.3,-20.04,-3.02,1
Eritrea,ERI,2024,Country or economy,Africa,Africa,0.0,0.0,0.0,0.0,0.0,Power sector emissions,CO2 intensity,CO2 intensity,gCO2/kWh,577.78,-14.06,-2.38,1
Estonia,EST,2025,Country or economy,Europe,Europe,1.0,1.0,0.0,0.0,0.0,Power sector emissions,CO2 intensity,CO2 intensity,gCO2/kWh,319.15,-24.3,-7.08,1
Eswatini,SWZ,2024,Country or economy,Africa,Africa,0.0,0.0,0.0,0.0,0.0,Power sector emissions,CO2 intensity,CO2 intensity,gCO2/kWh,131.15,9.94,8.2,1
Ethiopia,ETH,2024,Country or economy,Africa,Africa,0.0,0.0,0.0,0.0,0.0,Power sector emissions,CO2 intensity,CO2 intensity,gCO2/kWh,23.41,-0.23,-0.97,1
Europe,,2025,Region,,,,,,,,Power sector emissions,CO2 intensity,CO2 intensity,gCO2/kWh,282.67,-0.88,-0.31,1
Falkland Islands (the) [Malvinas],FLK,2023,Country or economy,South America,Latin America and Caribbean,0.0,0.0,0.0,0.0,0.0,Power sector emissions,CO2 intensity,CO2 intensity,gCO2/kWh,1000.0,0.0,0.0,1
Faroe Islands (the),FRO,2023,Country or economy,Europe,Europe,0.0,0.0,0.0,0.0,0.0,Power sector emissions,CO2 intensity,CO2 intensity,gCO2/kWh,346.94,-7.23,-2.04,1
Fiji,FJI,2024,Country or economy,Oceania,Oceania,0.0,0.0,0.0,0.0,0.0,Power sector emissions,CO2 intensity,CO2 intensity,gCO2/kWh,278.26,0.0,0.0,1
Finland,FIN,2025,Country or economy,Europe,Europe,1.0,1.0,0.0,0.0,0.0,Power sector emissions,CO2 intensity,CO2 intensity,gCO2/kWh,57.49,-9.14,-13.72,1
France,FRA,2025,Country or economy,Europe,Europe,1.0,1.0,1.0,1.0,0.0,Power sector emissions,CO2 intensity,CO2 intensity,gCO2/kWh,41.44,0.96,2.37,1
French Guiana,GUF,2023,Country or economy,South America,Latin America and Caribbean,0.0,0.0,0.0,0.0,0.0,Power sector emissions,CO2 intensity,CO2 intensity,gCO2/kWh,244.9,34.37,16.33,1
French Polynesia,PYF,2024,Country or economy,Oceania,Oceania,0.0,0.0,0.0,0.0,0.0,Power sector emissions,CO2 intensity,CO2 intensity,gCO2/kWh,430.56,-6.06,-1.39,1
G20,,2024,Region,,,,,,,,Power sector emissions,CO2 intensity,CO2 intensity,gCO2/kWh,466.91,-13.66,-2.84,1
G7,,2024,Region,,,,,,,,Power sector emissions,CO2 intensity,CO2 intensity,gCO2/kWh,342.44,-10.95,-3.1,1
Gabon,GAB,2024,Country or economy,Africa,Africa,0.0,0.0,0.0,0.0,0.0,Power sector emissions,CO2 intensity,CO2 intensity,gCO2/kWh,523.08,-2.02,-0.38,1
Gambia (the),GMB,2024,Country or economy,Africa,Africa,0.0,0.0,0.0,0.0,0.0,Power sector emissions,CO2 intensity,CO2 intensity,gCO2/kWh,666.67,0.0,0.0,1
Georgia,GEO,2024,Country or economy,Asia,Asia,0.0,0.0,0.0,0.0,0.0,Power sector emissions,CO2 intensity,CO2 intensity,gCO2/kWh,145.01,-22.7,-13.54,1
Germany,DEU,2025,Country or economy,Europe,Europe,1.0,1.0,1.0,1.0,0.0,Power sector emissions,CO2 intensity,CO2 intensity,gCO2/kWh,329.65,-6.73,-2.0,1
Ghana,GHA,2024,Country or economy,Africa,Africa,0.0,0.0,0.0,0.0,0.0,Power sector emissions,CO2 intensity,CO2 intensity,gCO2/kWh,468.89,16.21,3.58,1
Gibraltar,GIB,2024,Country or economy,Europe,Europe,0.0,0.0,0.0,0.0,0.0,Power sector emissions,CO2 intensity,CO2 intensity,gCO2/kWh,590.91,-17.79,-2.92,1
Greece,GRC,2025,Country or economy,Europe,Europe,1.0,1.0,0.0,0.0,0.0,Power sector emissions,CO2 intensity,CO2 intensity,gCO2/kWh,315.09,-6.56,-2.04,1
Greenland,GRL,2024,Country or economy,North America,North America,0.0,0.0,0.0,0.0,0.0,Power sector emissions,CO2 intensity,CO2 intensity,gCO2/kWh,150.0,18.85,14.37,1
Grenada,GRD,2024,Country or economy,North America,Latin America and Caribbean,0.0,0.0,0.0,0.0,0.0,Power sector emissions,CO2 intensity,CO2 intensity,gCO2/kWh,666.67,0.0,0.0,1
Guadeloupe,GLP,2023,Country or economy,North America,Latin America and Caribbean,0.0,0.0,0.0,0.0,0.0,Power sector emissions,CO2 intensity,CO2 intensity,gCO2/kWh,497.01,3.11,0.63,1
Guam,GUM,2024,Country or economy,Oceania,Oceania,0.0,0.0,0.0,0.0,0.0,Power sector emissions,CO2 intensity,CO2 intensity,gCO2/kWh,607.53,-3.58,-0.59,1
Guatemala,GTM,2024,Country or economy,North America,Latin America and Caribbean,0.0,0.0,0.0,0.0,0.0,Power sector emissions,CO2 intensity,CO2 intensity,gCO2/kWh,301.46,-8.4,-2.71,1
Guinea,GIN,2024,Country or economy,Africa,Africa,0.0,0.0,0.0,0.0,0.0,Power sector emissions,CO2 intensity,CO2 intensity,gCO2/kWh,181.14,-3.86,-2.09,1
Guinea-Bissau,GNB,2024,Country or economy,Africa,Africa,0.0,0.0,0.0,0.0,0.0,Power sector emissions,CO2 intensity,CO2 intensity,gCO2/kWh,625.0,0.0,0.0,1
Guyana,GUY,2024,Country or economy,South America,Latin America and Caribbean,0.0,0.0,0.0,0.0,0.0,Power sector emissions,CO2 intensity,CO2 intensity,gCO2/kWh,644.93,0.0,0.0,1
Haiti,HTI,2024,Country or economy,North America,Latin America and Caribbean,0.0,0.0,0.0,0.0,0.0,Power sector emissions,CO2 intensity,CO2 intensity,gCO2/kWh,534.88,29.0,5.73,1
Honduras,HND,2024,Country or economy,North America,Latin America and Caribbean,0.0,0.0,0.0,0.0,0.0,Power sector emissions,CO2 intensity,CO2 intensity,gCO2/kWh,322.12,-6.14,-1.87,1
Hong Kong,HKG,2024,Country or economy,Asia,Asia,0.0,0.0,0.0,0.0,0.0,Power sector emissions,CO2 intensity,CO2 intensity,gCO2/kWh,675.48,1.04,0.15,1
Hungary,HUN,2025,Country or economy,Europe,Europe,1.0,1.0,0.0,0.0,0.0,Power sector emissions,CO2 intensity,CO2 intensity,gCO2/kWh,163.02,-21.45,-11.63,1
Iceland,ISL,2024,Country or economy,Europe,Europe,0.0,1.0,0.0,0.0,0.0,Power sector emissions,CO2 intensity,CO2 intensity,gCO2/kWh,27.82,0.06,0.22,1
India,IND,2024,Country or economy,Asia,Asia,0.0,0.0,1.0,0.0,0.0,Power sector emissions,CO2 intensity,CO2 intensity,gCO2/kWh,705.4,-7.96,-1.12,1
Indonesia,IDN,2024,Country or economy,Asia,Asia,0.0,0.0,1.0,0.0,1.0,Power sector emissions,CO2 intensity,CO2 intensity,gCO2/kWh,680.25,-0.55,-0.08,1
Iran (Islamic Republic of),IRN,2024,Country or economy,Asia,Middle East,0.0,0.0,0.0,0.0,0.0,Power sector emissions,CO2 intensity,CO2 intensity,gCO2/kWh,648.68,7.3,1.14,1
Iraq,IRQ,2024,Country or economy,Asia,Middle East,0.0,0.0,0.0,0.0,0.0,Power sector emissions,CO2 intensity,CO2 intensity,gCO2/kWh,683.1,-2.03,-0.3,1
Ireland,IRL,2025,Country or economy,Europe,Europe,1.0,1.0,0.0,0.0,0.0,Power sector emissions,CO2 intensity,CO2 intensity,gCO2/kWh,256.54,-14.37,-5.3,1
Israel,ISR,2018,Country or economy,Asia,Middle East,0.0,1.0,0.0,0.0,0.0,Power sector emissions,CO2 intensity,CO2 intensity,gCO2/kWh,643.58,-9.59,-1.47,1
Italy,ITA,2025,Country or economy,Europe,Europe,1.0,1.0,1.0,1.0,0.0,Power sector emissions,CO2 intensity,CO2 intensity,gCO2/kWh,284.78,3.38,1.2,1
Jamaica,JAM,2024,Country or economy,North America,Latin America and Caribbean,0.0,0.0,0.0,0.0,0.0,Power sector emissions,CO2 intensity,CO2 intensity,gCO2/kWh,563.01,-0.93,-0.16,1
Japan,JPN,2024,Country or economy,Asia,Asia,0.0,1.0,1.0,1.0,0.0,Power sector emissions,CO2 intensity,CO2 intensity,gCO2/kWh,483.43,-9.02,-1.83,1
Jordan,JOR,2024,Country or economy,Asia,Middle East,0.0,0.0,0.0,0.0,0.0,Power sector emissions,CO2 intensity,CO2 intensity,gCO2/kWh,529.79,-12.49,-2.3,1
Kazakhstan,KAZ,2024,Country or economy,Asia,Asia,0.0,0.0,0.0,0.0,0.0,Power sector emissions,CO2 intensity,CO2 intensity,gCO2/kWh,802.04,-24.62,-2.98,1
Kenya,KEN,2024,Country or economy,Africa,Africa,0.0,0.0,0.0,0.0,0.0,Power sector emissions,CO2 intensity,CO2 intensity,gCO2/kWh,85.22,-11.66,-12.04,1
Kiribati,KIR,2024,Country or economy,Oceania,Oceania,0.0,0.0,0.0,0.0,0.0,Power sector emissions,CO2 intensity,CO2 intensity,gCO2/kWh,500.0,0.0,0.0,1
Korea (the Democratic People's Republic of),PRK,2024,Country or economy,Asia,Asia,0.0,0.0,0.0,0.0,0.0,Power sector emissions,CO2 intensity,CO2 intensity,gCO2/kWh,340.59,-5.59,-1.61,1
Kosovo,XKX,2025,Country or economy,Europe,Europe,0.0,0.0,0.0,0.0,0.0,Power sector emissions,CO2 intensity,CO2 intensity,gCO2/kWh,900.94,-23.73,-2.57,1
Kuwait,KWT,2024,Country or economy,Asia,Middle East,0.0,0.0,0.0,0.0,0.0,Power sector emissions,CO2 intensity,CO2 intensity,gCO2/kWh,635.2,-0.94,-0.15,1
Kyrgyzstan,KGZ,2024,Country or economy,Asia,Asia,0.0,0.0,0.0,0.0,0.0,Power sector emissions,CO2 intensity,CO2 intensity,gCO2/kWh,119.21,-20.5,-14.67,1
Lao People's Democratic Republic (the),LAO,2024,Country or economy,Asia,Asia,0.0,0.0,0.0,0.0,1.0,Power sector emissions,CO2 intensity,CO2 intensity,gCO2/kWh,232.08,-0.04,-0.02,1
Latin America and Caribbean,,2024,Region,,,,,,,,Power sector emissions,CO2 intensity,CO2 intensity,gCO2/kWh,252.38,-2.01,-0.79,1
Latvia,LVA,2025,Country or economy,Europe,Europe,1.0,1.0,0.0,0.0,0.0,Power sector emissions,CO2 intensity,CO2 intensity,gCO2/kWh,138.76,4.48,3.34,1
Lebanon,LBN,2024,Country or economy,Asia,Middle East,0.0,0.0,0.0,0.0,0.0,Power sector emissions,CO2 intensity,CO2 intensity,gCO2/kWh,389.51,-59.54,-13.26,1
Lesotho,LSO,2024,Country or economy,Africa,Africa,0.0,0.0,0.0,0.0,0.0,Power sector emissions,CO2 intensity,CO2 intensity,gCO2/kWh,,,,1
Liberia,LBR,2024,Country or economy,Africa,Africa,0.0,0.0,0.0,0.0,0.0,Power sector emissions,CO2 intensity,CO2 intensity,gCO2/kWh,315.79,20.71,7.02,1
Libya,LBY,2024,Country or economy,Africa,Africa,0.0,0.0,0.0,0.0,0.0,Power sector emissions,CO2 intensity,CO2 intensity,gCO2/kWh,826.83,1.64,0.2,1
Lithuania,LTU,2025,Country or economy,Europe,Europe,1.0,1.0,0.0,0.0,0.0,Power sector emissions,CO2 intensity,CO2 intensity,gCO2/kWh,138.36,21.99,18.9,1
Luxembourg,LUX,2025,Country or economy,Europe,Europe,1.0,1.0,0.0,0.0,0.0,Power sector emissions,CO2 intensity,CO2 intensity,gCO2/kWh,123.38,-9.07,-6.85,1
Macao,MAC,2024,Country or economy,Asia,Asia,0.0,0.0,0.0,0.0,0.0,Power sector emissions,CO2 intensity,CO2 intensity,gCO2/kWh,474.36,-10.49,-2.16,1
Madagascar,MDG,2024,Country or economy,Africa,Africa,0.0,0.0,0.0,0.0,0.0,Power sector emissions,CO2 intensity,CO2 intensity,gCO2/kWh,432.1,8.71,2.06,1
Malawi,MWI,2024,Country or economy,Africa,Africa,0.0,0.0,0.0,0.0,0.0,Power sector emissions,CO2 intensity,CO2 intensity,gCO2/kWh,54.65,0.0,0.0,1
Malaysia,MYS,2024,Country or economy,Asia,Asia,0.0,0.0,0.0,0.0,1.0,Power sector emissions,CO2 intensity,CO2 intensity,gCO2/kWh,600.44,-7.44,-1.22,1
Maldives,MDV,2024,Country or economy,Asia,Asia,0.0,0.0,0.0,0.0,0.0,Power sector emissions,CO2 intensity,CO2 intensity,gCO2/kWh,611.77,0.0,0.0,1
Mali,MLI,2024,Country or economy,Africa,Africa,0.0,0.0,0.0,0.0,0.0,Power sector emissions,CO2 intensity,CO2 intensity,gCO2/kWh,538.59,2.82,0.53,1
Malta,MLT,2025,Country or economy,Europe,Europe,1.0,0.0,0.0,0.0,0.0,Power sector emissions,CO2 intensity,CO2 intensity,gCO2/kWh,484.02,-4.56,-0.93,1
Martinique,MTQ,2023,Country or economy,North America,Latin America and Caribbean,0.0,0.0,0.0,0.0,0.0,Power sector emissions,CO2 intensity,CO2 intensity,gCO2/kWh,529.8,13.02,2.52,1
Mauritania,MRT,2024,Country or economy,Africa,Africa,0.0,0.0,0.0,0.0,0.0,Power sector emissions,CO2 intensity,CO2 intensity,gCO2/kWh,512.08,-9.45,-1.81,1
Mauritius,MUS,2024,Country or economy,Africa,Africa,0.0,0.0,0.0,0.0,0.0,Power sector emissions,CO2 intensity,CO2 intensity,gCO2/kWh,642.23,9.2,1.45,1
Mexico,MEX,2024,Country or economy,North America,Latin America and Caribbean,0.0,1.0,1.0,0.0,0.0,Power sector emissions,CO2 intensity,CO2 intensity,gCO2/kWh,483.14,-5.91,-1.21,1
Middle East,,2024,Region,,,,,,,,Power sector emissions,CO2 intensity,CO2 intensity,gCO2/kWh,635.9,-3.36,-0.53,1
Moldova,MDA,2025,Country or economy,Europe,Europe,0.0,0.0,0.0,0.0,0.0,Power sector emissions,CO2 intensity,CO2 intensity,gCO2/kWh,633.12,-1.15,-0.18,1
Mongolia,MNG,2024,Country or economy,Asia,Asia,0.0,0.0,0.0,0.0,0.0,Power sector emissions,CO2 intensity,CO2 intensity,gCO2/kWh,810.66,-5.99,-0.73,1
Montenegro,MNE,2025,Country or economy,Europe,Europe,0.0,0.0,0.0,0.0,0.0,Power sector emissions,CO2 intensity,CO2 intensity,gCO2/kWh,263.16,-158.94,-37.65,1
Montserrat,MSR,2024,Country or economy,North America,Latin America and Caribbean,0.0,0.0,0.0,0.0,0.0,Power sector emissions,CO2 intensity,CO2 intensity,gCO2/kWh,1000.0,0.0,0.0,1
Morocco,MAR,2024,Country or economy,Africa,Africa,0.0,0.0,0.0,0.0,0.0,Power sector emissions,CO2 intensity,CO2 intensity,gCO2/kWh,594.81,-21.54,-3.49,1
Mozambique,MOZ,2024,Country or economy,Africa,Africa,0.0,0.0,0.0,0.0,0.0,Power sector emissions,CO2 intensity,CO2 intensity,gCO2/kWh,129.36,0.6,0.47,1
Myanmar,MMR,2024,Country or economy,Asia,Asia,0.0,0.0,0.0,0.0,1.0,Power sector emissions,CO2 intensity,CO2 intensity,gCO2/kWh,502.99,-12.65,-2.45,1
Namibia,NAM,2024,Country or economy,Africa,Africa,0.0,0.0,0.0,0.0,0.0,Power sector emissions,CO2 intensity,CO2 intensity,gCO2/kWh,48.78,1.16,2.44,1
Nauru,NRU,2024,Country or economy,Oceania,Oceania,0.0,0.0,0.0,0.0,0.0,Power sector emissions,CO2 intensity,CO2 intensity,gCO2/kWh,600.0,-150.0,-20.0,1
Nepal,NPL,2024,Country or economy,Asia,Asia,0.0,0.0,0.0,0.0,0.0,Power sector emissions,CO2 intensity,CO2 intensity,gCO2/kWh,24.26,0.9,3.85,1
Netherlands,NLD,2025,Country or economy,Europe,Europe,1.0,1.0,0.0,0.0,0.0,Power sector emissions,CO2 intensity,CO2 intensity,gCO2/kWh,253.56,2.84,1.13,1
New Caledonia,NCL,2024,Country or economy,Oceania,Oceania,0.0,0.0,0.0,0.0,0.0,Power sector emissions,CO2 intensity,CO2 intensity,gCO2/kWh,560.9,-5.44,-0.96,1
New Zealand,NZL,2024,Country or economy,Oceania,Oceania,0.0,1.0,0.0,0.0,0.0,Power sector emissions,CO2 intensity,CO2 intensity,gCO2/kWh,112.02,24.82,28.46,1
Nicaragua,NIC,2024,Country or economy,North America,Latin America and Caribbean,0.0,0.0,0.0,0.0,0.0,Power sector emissions,CO2 intensity,CO2 intensity,gCO2/kWh,300.89,0.0,0.0,1
Niger (the),NER,2024,Country or economy,Africa,Africa,0.0,0.0,0.0,0.0,0.0,Power sector emissions,CO2 intensity,CO2 intensity,gCO2/kWh,673.68,-6.73,-0.99,1
Nigeria,NGA,2024,Country or economy,Africa,Africa,0.0,0.0,0.0,0.0,0.0,Power sector emissions,CO2 intensity,CO2 intensity,gCO2/kWh,495.74,-14.52,-2.85,1
Niue,NIU,2023,Country or economy,Oceania,Oceania,0.0,0.0,0.0,0.0,0.0,Power sector emissions,CO2 intensity,CO2 intensity,gCO2/kWh,,,,1
North America,,2024,Region,,,,,,,,Power sector emissions,CO2 intensity,CO2 intensity,gCO2/kWh,358.62,-5.61,-1.54,1
North Macedonia,MKD,2025,Country or economy,Europe,Europe,0.0,0.0,0.0,0.0,0.0,Power sector emissions,CO2 intensity,CO2 intensity,gCO2/kWh,441.35,-68.95,-13.51,1
Norway,NOR,2025,Country or economy,Europe,Europe,0.0,1.0,0.0,0.0,0.0,Power sector emissions,CO2 intensity,CO2 intensity,gCO2/kWh,28.11,-1.55,-5.23,1
OECD,,2024,Region,,,,,,,,Power sector emissions,CO2 intensity,CO2 intensity,gCO2/kWh,337.42,-11.55,-3.31,1
Oceania,,2024,Region,,,,,,,,Power sector emissions,CO2 intensity,CO2 intensity,gCO2/kWh,494.85,0.88,0.18,1
Oman,OMN,2024,Country or economy,Asia,Middle East,0.0,0.0,0.0,0.0,0.0,Power sector emissions,CO2 intensity,CO2 intensity,gCO2/kWh,542.77,0.33,0.06,1
Pakistan,PAK,2024,Country or economy,Asia,Asia,0.0,0.0,0.0,0.0,0.0,Power sector emissions,CO2 intensity,CO2 intensity,gCO2/kWh,373.69,-27.6,-6.88,1
"Palestine, State of",PSE,2024,Country or economy,Asia,Middle East,0.0,0.0,0.0,0.0,0.0,Power sector emissions,CO2 intensity,CO2 intensity,gCO2/kWh,414.14,-9.39,-2.22,1
Panama,PAN,2024,Country or economy,North America,Latin America and Caribbean,0.0,0.0,0.0,0.0,0.0,Power sector emissions,CO2 intensity,CO2 intensity,gCO2/kWh,221.15,-45.06,-16.93,1
Papua New Guinea,PNG,2024,Country or economy,Oceania,Oceania,0.0,0.0,0.0,0.0,0.0,Power sector emissions,CO2 intensity,CO2 intensity,gCO2/kWh,513.74,0.0,0.0,1
Paraguay,PRY,2024,Country or economy,South America,Latin America and Caribbean,0.0,0.0,0.0,0.0,0.0,Power sector emissions,CO2 intensity,CO2 intensity,gCO2/kWh,24.76,0.25,1.02,1
Peru,PER,2024,Country or economy,South America,Latin America and Caribbean,0.0,0.0,0.0,0.0,0.0,Power sector emissions,CO2 intensity,CO2 intensity,gCO2/kWh,258.73,-33.04,-11.32,1
Philippines (the),PHL,2024,Country or economy,Asia,Asia,0.0,0.0,0.0,0.0,1.0,Power sector emissions,CO2 intensity,CO2 intensity,gCO2/kWh,621.73,5.61,0.91,1
Poland,POL,2025,Country or economy,Europe,Europe,1.0,1.0,0.0,0.0,0.0,Power sector emissions,CO2 intensity,CO2 intensity,gCO2/kWh,588.6,-19.58,-3.22,1
Portugal,PRT,2025,Country or economy,Europe,Europe,1.0,1.0,0.0,0.0,0.0,Power sector emissions,CO2 intensity,CO2 intensity,gCO2/kWh,127.91,17.27,15.61,1
Puerto Rico,PRI,2024,Country or economy,North America,Latin America and Caribbean,0.0,0.0,0.0,0.0,0.0,Power sector emissions,CO2 intensity,CO2 intensity,gCO2/kWh,656.0,-4.3,-0.65,1
Qatar,QAT,2024,Country or economy,Asia,Middle East,0.0,0.0,0.0,0.0,0.0,Power sector emissions,CO2 intensity,CO2 intensity,gCO2/kWh,581.69,-2.56,-0.44,1
Reunion,REU,2023,Country or economy,Africa,Africa,0.0,0.0,0.0,0.0,0.0,Power sector emissions,CO2 intensity,CO2 intensity,gCO2/kWh,394.14,-89.52,-18.51,1
Romania,ROU,2025,Country or economy,Europe,Europe,1.0,0.0,0.0,0.0,0.0,Power sector emissions,CO2 intensity,CO2 intensity,gCO2/kWh,250.75,-0.58,-0.23,1
Russian Federation (the),RUS,2025,Country or economy,Europe,Europe,0.0,0.0,1.0,0.0,0.0,Power sector emissions,CO2 intensity,CO2 intensity,gCO2/kWh,449.73,3.75,0.84,1
Rwanda,RWA,2024,Country or economy,Africa,Africa,0.0,0.0,0.0,0.0,0.0,Power sector emissions,CO2 intensity,CO2 intensity,gCO2/kWh,353.98,-0.57,-0.16,1
"Saint Helena, Ascension and Tristan da Cunha",SHN,2023,Country or economy,Africa,Africa,0.0,0.0,0.0,0.0,0.0,Power sector emissions,CO2 intensity,CO2 intensity,gCO2/kWh,1000.0,0.0,0.0,1
Saint Kitts and Nevis,KNA,2024,Country or economy,North America,Latin America and Caribbean,0.0,0.0,0.0,0.0,0.0,Power sector emissions,CO2 intensity,CO2 intensity,gCO2/kWh,608.7,-27.66,-4.35,1
Saint Lucia,LCA,2024,Country or economy,North America,Latin America and Caribbean,0.0,0.0,0.0,0.0,0.0,Power sector emissions,CO2 intensity,CO2 intensity,gCO2/kWh,650.0,0.0,0.0,1
Saint Pierre and Miquelon,SPM,2023,Country or economy,North America,Latin America and Caribbean,0.0,0.0,0.0,0.0,0.0,Power sector emissions,CO2 intensity,CO2 intensity,gCO2/kWh,600.0,0.0,0.0,1
Saint Vincent and the Grenadines,VCT,2024,Country or economy,North America,Latin America and Caribbean,0.0,0.0,0.0,0.0,0.0,Power sector emissions,CO2 intensity,CO2 intensity,gCO2/kWh,600.0,0.0,0.0,1
Samoa,WSM,2024,Country or economy,Oceania,Oceania,0.0,0.0,0.0,0.0,0.0,Power sector emissions,CO2 intensity,CO2 intensity,gCO2/kWh,375.0,-25.0,-6.25,1
Sao Tome and Principe,STP,2023,Country or economy,Africa,Africa,0.0,0.0,0.0,0.0,0.0,Power sector emissions,CO2 intensity,CO2 intensity,gCO2/kWh,555.56,0.0,0.0,1
Saudi Arabia,SAU,2024,Country or economy,Asia,Middle East,0.0,0.0,1.0,0.0,0.0,Power sector emissions,CO2 intensity,CO2 intensity,gCO2/kWh,691.95,-5.36,-0.77,1
Senegal,SEN,2024,Country or economy,Africa,Africa,0.0,0.0,0.0,0.0,0.0,Power sector emissions,CO2 intensity,CO2 intensity,gCO2/kWh,539.97,-17.35,-3.11,1
Serbia,SRB,2025,Country or economy,Europe,Europe,0.0,0.0,0.0,0.0,0.0,Power sector emissions,CO2 intensity,CO2 intensity,gCO2/kWh,695.8,29.4,4.41,1
Seychelles,SYC,2024,Country or economy,Africa,Africa,0.0,0.0,0.0,0.0,0.0,Power sector emissions,CO2 intensity,CO2 intensity,gCO2/kWh,555.56,-8.96,-1.59,1
Sierra Leone,SLE,2024,Country or economy,Africa,Africa,0.0,0.0,0.0,0.0,0.0,Power sector emissions,CO2 intensity,CO2 intensity,gCO2/kWh,47.62,0.0,0.0,1
Singapore,SGP,2024,Country or economy,Asia,Asia,0.0,0.0,0.0,0.0,1.0,Power sector emissions,CO2 intensity,CO2 intensity,gCO2/kWh,498.74,-2.13,-0.43,1
Slovakia,SVK,2025,Country or economy,Europe,Europe,1.0,1.0,0.0,0.0,0.0,Power sector emissions,CO2 intensity,CO2 intensity,gCO2/kWh,94.85,-1.7,-1.76,1
Slovenia,SVN,2025,Country or economy,Europe,Europe,1.0,1.0,0.0,0.0,0.0,Power sector emissions,CO2 intensity,CO2 intensity,gCO2/kWh,183.29,-47.11,-20.45,1
Solomon Islands,SLB,2024,Country or economy,Oceania,Oceania,0.0,0.0,0.0,0.0,0.0,Power sector emissions,CO2 intensity,CO2 intensity,gCO2/kWh,636.36,0.0,0.0,1
Somalia,SOM,2024,Country or economy,Africa,Africa,0.0,0.0,0.0,0.0,0.0,Power sector emissions,CO2 intensity,CO2 intensity,gCO2/kWh,511.63,-12.18,-2.33,1
South Africa,ZAF,2024,Country or economy,Africa,Africa,0.0,0.0,1.0,0.0,0.0,Power sector emissions,CO2 intensity,CO2 intensity,gCO2/kWh,717.36,2.96,0.41,1
South Korea,KOR,2024,Country or economy,Asia,Asia,0.0,1.0,1.0,0.0,0.0,Power sector emissions,CO2 intensity,CO2 intensity,gCO2/kWh,415.51,-11.78,-2.76,1
South Sudan,SSD,2024,Country or economy,Africa,Africa,0.0,0.0,0.0,0.0,0.0,Power sector emissions,CO2 intensity,CO2 intensity,gCO2/kWh,642.86,0.0,0.0,1
Spain,ESP,2025,Country or economy,Europe,Europe,1.0,1.0,0.0,0.0,0.0,Power sector emissions,CO2 intensity,CO2 intensity,gCO2/kWh,153.6,7.38,5.05,1
Sri Lanka,LKA,2024,Country or economy,Asia,Asia,0.0,0.0,0.0,0.0,0.0,Power sector emissions,CO2 intensity,CO2 intensity,gCO2/kWh,378.44,-38.89,-9.32,1
Sudan (the),SDN,2024,Country or economy,Africa,Africa,0.0,0.0,0.0,0.0,0.0,Power sector emissions,CO2 intensity,CO2 intensity,gCO2/kWh,153.69,7.58,5.19,1
Suriname,SUR,2024,Country or economy,South America,Latin America and Caribbean,0.0,0.0,0.0,0.0,0.0,Power sector emissions,CO2 intensity,CO2 intensity,gCO2/kWh,321.84,3.92,1.23,1
Sweden,SWE,2025,Country or economy,Europe,Europe,1.0,1.0,0.0,0.0,0.0,Power sector emissions,CO2 intensity,CO2 intensity,gCO2/kWh,35.26,0.35,1.0,1
Switzerland,CHE,2025,Country or economy,Europe,Europe,0.0,1.0,0.0,0.0,0.0,Power sector emissions,CO2 intensity,CO2 intensity,gCO2/kWh,39.22,4.64,13.42,1
Syrian Arab Republic (the),SYR,2024,Country or economy,Asia,Middle East,0.0,0.0,0.0,0.0,0.0,Power sector emissions,CO2 intensity,CO2 intensity,gCO2/kWh,706.19,0.75,0.11,1
Taiwan,TWN,2024,Country or economy,Asia,Asia,0.0,0.0,0.0,0.0,0.0,Power sector emissions,CO2 intensity,CO2 intensity,gCO2/kWh,635.19,-8.99,-1.4,1
Tajikistan,TJK,2024,Country or economy,Asia,Asia,0.0,0.0,0.0,0.0,0.0,Power sector emissions,CO2 intensity,CO2 intensity,gCO2/kWh,71.17,-3.25,-4.37,1
"Tanzania, the United Republic of",TZA,2024,Country or economy,Africa,Africa,0.0,0.0,0.0,0.0,0.0,Power sector emissions,CO2 intensity,CO2 intensity,gCO2/kWh,345.02,-27.73,-7.44,1
Thailand,THA,2024,Country or economy,Asia,Asia,0.0,0.0,0.0,0.0,1.0,Power sector emissions,CO2 intensity,CO2 intensity,gCO2/kWh,554.73,5.49,1.0,1
Timor-Leste,TLS,2024,Country or economy,Asia,Asia,0.0,0.0,0.0,0.0,1.0,Power sector emissions,CO2 intensity,CO2 intensity,gCO2/kWh,666.67,0.0,0.0,1
Togo,TGO,2024,Country or economy,Africa,Africa,0.0,0.0,0.0,0.0,0.0,Power sector emissions,CO2 intensity,CO2 intensity,gCO2/kWh,422.54,-14.08,-3.22,1
Tonga,TON,2024,Country or economy,Oceania,Oceania,0.0,0.0,0.0,0.0,0.0,Power sector emissions,CO2 intensity,CO2 intensity,gCO2/kWh,571.43,0.0,0.0,1
Trinidad and Tobago,TTO,2024,Country or economy,North America,Latin America and Caribbean,0.0,0.0,0.0,0.0,0.0,Power sector emissions,CO2 intensity,CO2 intensity,gCO2/kWh,681.68,-0.04,-0.01,1
Tunisia,TUN,2024,Country or economy,Africa,Africa,0.0,0.0,0.0,0.0,0.0,Power sector emissions,CO2 intensity,CO2 intensity,gCO2/kWh,558.26,-1.89,-0.34,1
Turkey,TUR,2025,Country or economy,Asia,Europe,0.0,1.0,1.0,0.0,0.0,Power sector emissions,CO2 intensity,CO2 intensity,gCO2/kWh,474.74,5.0,1.06,1
Turkmenistan,TKM,2024,Country or economy,Asia,Asia,0.0,0.0,0.0,0.0,0.0,Power sector emissions,CO2 intensity,CO2 intensity,gCO2/kWh,1306.27,0.13,0.01,1
Turks and Caicos Islands (the),TCA,2024,Country or economy,North America,Latin America and Caribbean,0.0,0.0,0.0,0.0,0.0,Power sector emissions,CO2 intensity,CO2 intensity,gCO2/kWh,629.63,-24.22,-3.7,1
Uganda,UGA,2024,Country or economy,Africa,Africa,0.0,0.0,0.0,0.0,0.0,Power sector emissions,CO2 intensity,CO2 intensity,gCO2/kWh,58.52,-0.41,-0.7,1
Ukraine,UKR,2025,Country or economy,Europe,Europe,0.0,0.0,0.0,0.0,0.0,Power sector emissions,CO2 intensity,CO2 intensity,gCO2/kWh,197.35,-53.12,-21.21,1
United Arab Emirates,ARE,2024,Country or economy,Asia,Middle East,0.0,0.0,0.0,0.0,0.0,Power sector emissions,CO2 intensity,CO2 intensity,gCO2/kWh,467.51,-16.28,-3.37,1
United Kingdom,GBR,2025,Country or economy,Europe,Europe,0.0,1.0,1.0,1.0,0.0,Power sector emissions,CO2 intensity,CO2 intensity,gCO2/kWh,217.09,0.59,0.27,1
United States of America,USA,2024,Country or economy,North America,North America,0.0,1.0,1.0,1.0,0.0,Power sector emissions,CO2 intensity,CO2 intensity,gCO2/kWh,383.78,-9.11,-2.32,1
Uruguay,URY,2024,Country or economy,South America,Latin America and Caribbean,0.0,0.0,0.0,0.0,0.0,Power sector emissions,CO2 intensity,CO2 intensity,gCO2/kWh,69.56,-43.55,-38.5,1
Uzbekistan,UZB,2024,Country or economy,Asia,Asia,0.0,0.0,0.0,0.0,0.0,Power sector emissions,CO2 intensity,CO2 intensity,gCO2/kWh,1040.12,-73.16,-6.57,1
Vanuatu,VUT,2023,Country or economy,Oceania,Oceania,0.0,0.0,0.0,0.0,0.0,Power sector emissions,CO2 intensity,CO2 intensity,gCO2/kWh,500.0,0.0,0.0,1
Venezuela (Bolivarian Republic of),VEN,2024,Country or economy,South America,Latin America and Caribbean,0.0,0.0,0.0,0.0,0.0,Power sector emissions,CO2 intensity,CO2 intensity,gCO2/kWh,85.86,-6.0,-6.53,1
Viet Nam,VNM,2024,Country or economy,Asia,Asia,0.0,0.0,0.0,0.0,1.0,Power sector emissions,CO2 intensity,CO2 intensity,gCO2/kWh,484.32,11.92,2.52,1
Virgin Islands (British),VGB,2023,Country or economy,North America,Latin America and Caribbean,0.0,0.0,0.0,0.0,0.0,Power sector emissions,CO2 intensity,CO2 intensity,gCO2/kWh,647.06,0.0,0.0,1
Virgin Islands (U.S.),VIR,2023,Country or economy,North America,Latin America and Caribbean,0.0,0.0,0.0,0.0,0.0,Power sector emissions,CO2 intensity,CO2 intensity,gCO2/kWh,632.35,0.0,0.0,1
Western Sahara,ESH,2009,Country or economy,Africa,Africa,0.0,0.0,0.0,0.0,0.0,Power sector emissions,CO2 intensity,CO2 intensity,gCO2/kWh,666.67,0.0,0.0,1
World,,2024,Region,,,,,,,,Power sector emissions,CO2 intensity,CO2 intensity,gCO2/kWh,471.08,-12.1,-2.5,1
Yemen,YEM,2024,Country or economy,Asia,Middle East,0.0,0.0,0.0,0.0,0.0,Power sector emissions,CO2 intensity,CO2 intensity,gCO2/kWh,592.38,-5.28,-0.88,1
Zambia,ZMB,2024,Country or economy,Africa,Africa,0.0,0.0,0.0,0.0,0.0,Power sector emissions,CO2 intensity,CO2 intensity,gCO2/kWh,119.68,8.68,7.82,1
Zimbabwe,ZWE,2024,Country or economy,Africa,Africa,0.0,0.0,0.0,0.0,0.0,Power sector emissions,CO2 intensity,CO2 intensity,gCO2/kWh,384.02,-8.37,-2.13,1
