pre_release,version,downloads_count
7.2,7.2rc1,607
7.2,7.2,3420
7.2,7.1rc1,609
7.2,7.1.2,34868
7.2,7.1.1,220243
7.2,7.1,79352
7.2,7.0rc1,1137
7.2,7.0.3,55893
7.2,7.0.2,108142
7.2,7.0.1,180468
7.2,7.0,172863
7.2,6.4rc1,975
7.2,6.4.2,104737
7.2,6.4.1,384120
7.2,6.4,88726
7.2,6.3rc2,994
7.2,6.3rc1,771
7.2,6.3.5,47678
7.2,6.3.4,40262
7.2,6.3.3,85434
7.2,6.3.2,210959
7.2,6.3.1,271812
7.2,6.3,168291
7.2,6.2rc1,1455
7.2,6.2.4,32694
7.2,6.2.3,73782
7.2,6.2.2,240545
7.2,6.2.1,163691
7.2,6.2,86816
7.2,6.1rc2,1277
7.2,6.1rc1,1450
7.2,6.1.3,171583
7.2,6.1.2,153751
7.2,6.1.1,110078
7.2,6.1,54834
7.2,6.0rc1,1588
7.2,6.0.6,78439
7.2,6.0.5,23270
7.2,6.0.4,14221
7.2,6.0.3,27403
7.2,6.0.2,82895
7.2,6.0.1,157517
7.2,6.0,42422
7.2,5.2rc1,3884
7.2,5.2.8,226962
7.2,5.2.7,76649
7.2,5.2.6,1307530
7.2,5.2.5,180888
7.2,5.2.4,78870
7.2,5.2.3,241153
7.2,5.2.2,190529
7.2,5.2.1,136751
7.2,5.2,153706
7.2,5.1rc1,2622
7.2,5.1.3,159210
7.2,5.1.2,71297
7.2,5.1.1,204674
7.2,5.1,54623
7.2,5.0rc1,2154
7.2,5.0.5,154475
7.2,5.0.4,14895
7.2,5.0.3,10353
7.2,5.0.2,149676
7.2,5.0.1,71119
7.2,5.0,125076
7.2,4.2rc1,2736
7.2,4.2.4,186843
7.2,4.2.3,42271
7.2,4.2.2,101611
7.2,4.2.1,47638
7.2,4.2,106734
7.2,4.1rc1,2128
7.2,4.1.9,104989
7.2,4.1.8,18774
7.2,4.1.7,5766
7.2,4.1.6,56165
7.2,4.1.5,23014
7.2,4.1.4,53881
7.2,4.1.3,20360
7.2,4.1.2,26957
7.2,4.1.1,240239
7.2,4.1,47619
7.2,4.0rc2,3675
7.2,4.0rc1,2300
7.2,4.0.4,165298
7.2,4.0.3,6563
7.2,4.0.2,42571
7.2,4.0.1,36201
7.2,4.0,44535
7.2,3.0rc3,3175
7.2,3.0rc2,2225
7.2,3.0rc1,2289
7.2,3.0.3,164942
7.2,3.0.2,10746
7.2,3.0.1,159297
7.2,3.0,75255
7.2,2.9rc1,8273
7.2,2.9.3,140168
7.2,2.9.2,25951
7.2,2.9.1,15078
7.2,2.9,127507
7.2,2.8rc1,4702
7.2,2.8.2,54134
7.2,2.8.1,55599
7.2,2.8,120670
7.2,2.7rc2,4431
7.2,2.7rc1,3680
7.2,2.7.4,83712
7.2,2.7.3,29873
7.2,2.7.2,36402
7.2,2.7.1,85504
7.2,2.7,103547
7.2,2.6rc1,4588
7.2,2.6.3,90470
7.2,2.6.2,50366
7.2,2.6.1,60926
7.2,2.6,16586
7.2,2.5rc1,4894
7.2,2.5.2,62020
7.2,2.5.1,102993
7.2,2.5,34537
7.2,2.4rc1,4685
7.2,2.4,148224
7.2,2.3rc2,4796
7.2,2.3rc1,4984
7.2,2.3,166502
7.2,2.2rc2,5038
7.2,2.2rc1,4942
7.2,2.2.2,74351
7.2,2.2.1,22330
7.2,2.2,14350
7.2,2.1rc2,4862
7.2,2.1rc1,4838
7.2,2.16rc2,2547
7.2,2.16rc1,2403
7.2,2.16.3,131563
7.2,2.16.2,190054
7.2,2.16.1,138790
7.2,2.16,23985
7.2,2.15rc2,2507
7.2,2.15rc1,2704
7.2,2.15.6,84978
7.2,2.15.5,69736
7.2,2.15.4,58001
7.2,2.15.3,59716
7.2,2.15.2,94893
7.2,2.15.1,209373
7.2,2.15,71412
7.2,2.14rc1,3101
7.2,2.14.2,164936
7.2,2.14.1,125651
7.2,2.14,32309
7.2,2.13rc3,3310
7.2,2.13rc2,2773
7.2,2.13rc1,3383
7.2,2.13.5,99405
7.2,2.13.4,85334
7.2,2.13.3,22949
7.2,2.13.2,91727
7.2,2.13.1,56846
7.2,2.13,64098
7.2,2.12rc1,2812
7.2,2.12.6,57607
7.2,2.12.5,42390
7.2,2.12.4,75928
7.2,2.12.3,105761
7.2,2.12.2,55076
7.2,2.12.1,16137
7.2,2.12,39533
7.2,2.11rc1,3006
7.2,2.11.9,55760
7.2,2.11.8,75167
7.2,2.11.7,43215
7.2,2.11.6,28536
7.2,2.11.5,20161
7.2,2.11.4,10735
7.2,2.11.3,133432
7.2,2.11.2,57884
7.2,2.11.1,35615
7.2,2.11,26638
7.2,2.10rc2,3300
7.2,2.10rc1,4901
7.2,2.10.2,237687
7.2,2.10.1,98024
7.2,2.10,38688
7.2,2.1.3,32404
7.2,2.1.2,14506
7.2,2.1.1,36366
7.2,2.1,38625
7.2,2.0rc1,6370
7.2,2.0b1,10270
7.2,2.0.2,18564
7.2,2.0.1,41694
7.2,2.0,33122
7.2,1.9rc1,6812
7.2,1.9.1,29893
7.2,1.9,39547
7.2,1.8rc1,7848
7.2,1.8.2,17049
7.2,1.8.1,23058
7.2,1.8,35313
7.2,1.7rc1,8016
7.2,1.7,59132
7.2,1.6rc1,9869
7.2,1.6.3,28398
7.2,1.6.2,20595
7.2,1.6.1,11757
7.2,1.6,15374
7.2,1.5rc1,7709
7.2,1.5.3,25900
7.2,1.5.2,32593
7.2,1.5.1,10106
7.2,1.5,12973
7.2,1.4rc1,7003
7.2,1.4.6,45509
7.2,1.4.5,17644
7.2,1.4.4,11738
7.2,1.4.3,15671
7.2,1.4.2,9701
7.2,1.4.1,10683
7.2,1.4,13537
7.2,1.3rc1,7401
7.2,1.3.1,33112
7.2,1.3,12474
7.2,1.2rc1,7237
7.2,1.2,14604
7.2,1.1rc1,7129
7.2,1.13rc1,5690
7.2,1.13.4,77489
7.2,1.13.3,39006
7.2,1.13.2,13033
7.2,1.13.1,72922
7.2,1.13,72759
7.2,1.12rc1,5973
7.2,1.12.6,11782
7.2,1.12.5,6915
7.2,1.12.4,6973
7.2,1.12.3,12683
7.2,1.12.2,39373
7.2,1.12.1,17249
7.2,1.12,19235
7.2,1.11rc1,6230
7.2,1.11.1,40083
7.2,1.11,14394
7.2,1.10rc1,6619
7.2,1.10.1,51009
7.2,1.10,41477
7.2,1.1,11147
7.2,1.0rc2,7417
7.2,1.0rc1,10166
7.2,1.0b2,12133
7.2,1.0b1,4785
7.2,1.0,17661
7.2,0.8.9,9362
7.2,0.8.8,9678
7.2,0.8.7,5758
7.2,0.8.6,5814
7.2,0.8.5,6707
7.2,0.8.4,5810
7.2,0.8.3,5584
7.2,0.8.2,5594
7.2,0.8.10,12411
7.2,0.8.1,5604
7.2,0.8,5587
7.2,0.7,5611
7.2,0.6,5649
7.2,0.5,5753
7.2,0.4.1,5592
7.2,0.4,5576
7.2,0.3.1,5783
7.2,0.3,5705
7.2,0.2,8271
7.2,0.1,5758
7.1,7.1rc1,323
7.1,7.0rc1,21
7.1,7.0.2,34000
7.1,7.0.1,11430
7.1,7.0,9373
7.1,6.4rc1,22
7.1,6.4.2,6713
7.1,6.4.1,9192
7.1,6.4,1398
7.1,6.3rc2,22
7.1,6.3rc1,16
7.1,6.3.5,2241
7.1,6.3.4,844
7.1,6.3.3,1353
7.1,6.3.2,2759
7.1,6.3.1,2869
7.1,6.3,3281
7.1,6.2rc1,22
7.1,6.2.4,3060
7.1,6.2.3,656
7.1,6.2.2,4229
7.1,6.2.1,1135
7.1,6.2,942
7.1,6.1rc2,19
7.1,6.1rc1,18
7.1,6.1.3,1534
7.1,6.1.2,787
7.1,6.1.1,381
7.1,6.1,430
7.1,6.0rc1,19
7.1,6.0.6,3073
7.1,6.0.5,310
7.1,6.0.4,304
7.1,6.0.3,342
7.1,6.0.2,555
7.1,6.0.1,898
7.1,6.0,484
7.1,5.2rc1,13
7.1,5.2.8,12313
7.1,5.2.7,682
7.1,5.2.6,2398
7.1,5.2.5,1147
7.1,5.2.4,1705
7.1,5.2.3,722
7.1,5.2.2,834
7.1,5.2.1,221
7.1,5.2,1047
7.1,5.1rc1,13
7.1,5.1.3,1001
7.1,5.1.2,119
7.1,5.1.1,1256
7.1,5.1,551
7.1,5.0rc1,37
7.1,5.0.5,2573
7.1,5.0.4,51
7.1,5.0.3,44
7.1,5.0.2,248
7.1,5.0.1,262
7.1,5.0,240
7.1,4.2rc1,26
7.1,4.2.4,1836
7.1,4.2.3,193
7.1,4.2.2,125
7.1,4.2.1,192
7.1,4.2,283
7.1,4.1rc1,14
7.1,4.1.9,3798
7.1,4.1.8,50
7.1,4.1.7,63
7.1,4.1.6,113
7.1,4.1.5,81
7.1,4.1.4,122
7.1,4.1.3,103
7.1,4.1.2,82
7.1,4.1.1,1230
7.1,4.1,248
7.1,4.0rc2,21
7.1,4.0rc1,24
7.1,4.0.4,2314
7.1,4.0.3,43
7.1,4.0.2,67
7.1,4.0.1,76
7.1,4.0,172
7.1,3.0rc3,33
7.1,3.0rc2,13
7.1,3.0rc1,13
7.1,3.0.3,1994
7.1,3.0.2,75
7.1,3.0.1,127
7.1,3.0,156
7.1,2.9rc1,17
7.1,2.9.3,123
7.1,2.9.2,29
7.1,2.9.1,28
7.1,2.9,147
7.1,2.8rc1,13
7.1,2.8.2,134
7.1,2.8.1,40
7.1,2.8,50
7.1,2.7rc2,13
7.1,2.7rc1,15
7.1,2.7.4,136
7.1,2.7.3,38
7.1,2.7.2,53
7.1,2.7.1,67
7.1,2.7,169
7.1,2.6rc1,13
7.1,2.6.3,113
7.1,2.6.2,34
7.1,2.6.1,27
7.1,2.6,43
7.1,2.5rc1,13
7.1,2.5.2,51
7.1,2.5.1,34
7.1,2.5,63
7.1,2.4rc1,13
7.1,2.4,50
7.1,2.3rc2,13
7.1,2.3rc1,15
7.1,2.3,77
7.1,2.2rc2,13
7.1,2.2rc1,14
7.1,2.2.2,69
7.1,2.2.1,163
7.1,2.2,40
7.1,2.1rc2,14
7.1,2.1rc1,14
7.1,2.16rc2,16
7.1,2.16rc1,27
7.1,2.16.3,1620
7.1,2.16.2,249
7.1,2.16.1,185
7.1,2.16,107
7.1,2.15rc2,13
7.1,2.15rc1,13
7.1,2.15.6,520
7.1,2.15.5,162
7.1,2.15.4,180
7.1,2.15.3,107
7.1,2.15.2,182
7.1,2.15.1,861
7.1,2.15,181
7.1,2.14rc1,13
7.1,2.14.2,5984
7.1,2.14.1,669
7.1,2.14,162
7.1,2.13rc3,15
7.1,2.13rc2,13
7.1,2.13rc1,14
7.1,2.13.5,3375
7.1,2.13.4,117
7.1,2.13.3,75
7.1,2.13.2,97
7.1,2.13.1,79
7.1,2.13,109
7.1,2.12rc1,14
7.1,2.12.6,514
7.1,2.12.5,81
7.1,2.12.4,128
7.1,2.12.3,78
7.1,2.12.2,151
7.1,2.12.1,75
7.1,2.12,270
7.1,2.11rc1,13
7.1,2.11.9,661
7.1,2.11.8,72
7.1,2.11.7,100
7.1,2.11.6,79
7.1,2.11.5,59
7.1,2.11.4,60
7.1,2.11.3,116
7.1,2.11.2,94
7.1,2.11.1,248
7.1,2.11,94
7.1,2.10rc2,13
7.1,2.10rc1,14
7.1,2.10.2,993
7.1,2.10.1,69
7.1,2.10,61
7.1,2.1.3,40
7.1,2.1.2,38
7.1,2.1.1,39
7.1,2.1,44
7.1,2.0rc1,16
7.1,2.0b1,26
7.1,2.0.2,43
7.1,2.0.1,81
7.1,2.0,52
7.1,1.9rc1,13
7.1,1.9.1,49
7.1,1.9,29
7.1,1.8rc1,13
7.1,1.8.2,183
7.1,1.8.1,23
7.1,1.8,34
7.1,1.7rc1,17
7.1,1.7,25
7.1,1.6rc1,13
7.1,1.6.3,24
7.1,1.6.2,46
7.1,1.6.1,24
7.1,1.6,23
7.1,1.5rc1,13
7.1,1.5.3,34
7.1,1.5.2,46
7.1,1.5.1,23
7.1,1.5,23
7.1,1.4rc1,16
7.1,1.4.6,23
7.1,1.4.5,23
7.1,1.4.4,25
7.1,1.4.3,57
7.1,1.4.2,23
7.1,1.4.1,23
7.1,1.4,23
7.1,1.3rc1,14
7.1,1.3.1,47
7.1,1.3,24
7.1,1.2rc1,14
7.1,1.2,69
7.1,1.1rc1,14
7.1,1.13rc1,14
7.1,1.13.4,215
7.1,1.13.3,29
7.1,1.13.2,30
7.1,1.13.1,50
7.1,1.13,75
7.1,1.12rc1,13
7.1,1.12.6,25
7.1,1.12.5,23
7.1,1.12.4,23
7.1,1.12.3,23
7.1,1.12.2,23
7.1,1.12.1,23
7.1,1.12,23
7.1,1.11rc1,13
7.1,1.11.1,114
7.1,1.11,37
7.1,1.10rc1,13
7.1,1.10.1,39
7.1,1.10,32
7.1,1.1,23
7.1,1.0rc2,14
7.1,1.0rc1,17
7.1,1.0b2,21
7.1,1.0b1,7
7.1,1.0,88
7.1,0.8.9,23
7.1,0.8.8,24
7.1,0.8.7,16
7.1,0.8.6,16
7.1,0.8.5,16
7.1,0.8.4,16
7.1,0.8.3,16
7.1,0.8.2,16
7.1,0.8.10,23
7.1,0.8.1,17
7.1,0.8,17
7.1,0.7,17
7.1,0.6,16
7.1,0.5,16
7.1,0.4.1,16
7.1,0.4,16
7.1,0.3.1,16
7.1,0.3,16
7.1,0.2,20
7.1,0.1,16
7.0,7.0rc1,674
7.0,6.4rc1,12
7.0,6.4.1,30152
7.0,6.4,2946
7.0,6.3rc2,11
7.0,6.3rc1,17
7.0,6.3.4,5651
7.0,6.3.3,4224
7.0,6.3.2,4781
7.0,6.3.1,5365
7.0,6.3,4536
7.0,6.2rc1,17
7.0,6.2.3,2407
7.0,6.2.2,4295
7.0,6.2.1,1753
7.0,6.2,851
7.0,6.1rc2,11
7.0,6.1rc1,13
7.0,6.1.3,1875
7.0,6.1.2,827
7.0,6.1.1,610
7.0,6.1,271
7.0,6.0rc1,10
7.0,6.0.6,1231
7.0,6.0.5,82
7.0,6.0.4,83
7.0,6.0.3,179
7.0,6.0.2,457
7.0,6.0.1,1400
7.0,6,266
7.0,5.2rc1,13
7.0,5.2.8,6121
7.0,5.2.7,1106
7.0,5.2.6,2105
7.0,5.2.5,1279
7.0,5.2.4,243
7.0,5.2.3,705
7.0,5.2.2,949
7.0,5.2.1,182
7.0,5.2,584
7.0,5.1rc1,15
7.0,5.1.3,678
7.0,5.1.2,120
7.0,5.1.1,829
7.0,5.1,194
7.0,5.0rc1,8
7.0,5.0.5,3764
7.0,5.0.4,46
7.0,5.0.3,47
7.0,5.0.2,191
7.0,5.0.1,259
7.0,5,282
7.0,4.2rc1,10
7.0,4.2.4,615
7.0,4.2.3,69
7.0,4.2.2,156
7.0,4.2.1,70
7.0,4.2,141
7.0,4.1rc1,12
7.0,4.1.9,489
7.0,4.1.8,46
7.0,4.1.7,41
7.0,4.1.6,51
7.0,4.1.5,60
7.0,4.1.4,52
7.0,4.1.3,71
7.0,4.1.2,42
7.0,4.1.1,586
7.0,4.1,104
7.0,4.0rc2,15
7.0,4.0rc1,15
7.0,4.0.4,216
7.0,4.0.3,38
7.0,4.0.2,59
7.0,4.0.1,44
7.0,4,102
7.0,3.0rc3,9
7.0,3.0rc2,11
7.0,3.0rc1,10
7.0,3.0.3,1225
7.0,3.0.2,41
7.0,3.0.1,355
7.0,3,188
7.0,2.9rc1,14
7.0,2.9.3,200
7.0,2.9.2,37
7.0,2.9.1,40
7.0,2.9,190
7.0,2.8rc1,11
7.0,2.8.2,85
7.0,2.8.1,38
7.0,2.8,62
7.0,2.7rc2,10
7.0,2.7rc1,7
7.0,2.7.4,165
7.0,2.7.3,30
7.0,2.7.2,32
7.0,2.7.1,62
7.0,2.7,75
7.0,2.6rc1,7
7.0,2.6.3,136
7.0,2.6.2,38
7.0,2.6.1,27
7.0,2.6,34
7.0,2.5rc1,13
7.0,2.5.2,48
7.0,2.5.1,29
7.0,2.5,29
7.0,2.4rc1,6
7.0,2.4,69
7.0,2.3rc2,13
7.0,2.3rc1,23
7.0,2.3,51
7.0,2.2rc2,7
7.0,2.2rc1,8
7.0,2.2.2,102
7.0,2.2.1,34
7.0,2.2,32
7.0,2.1rc2,16
7.0,2.1rc1,14
7.0,2.16rc2,6
7.0,2.16rc1,6
7.0,2.16.3,1004
7.0,2.16.2,134
7.0,2.16.1,139
7.0,2.16,73
7.0,2.15rc2,9
7.0,2.15rc1,9
7.0,2.15.6,516
7.0,2.15.5,71
7.0,2.15.4,106
7.0,2.15.3,85
7.0,2.15.2,238
7.0,2.15.1,1321
7.0,2.15,83
7.0,2.14rc1,7
7.0,2.14.2,2311
7.0,2.14.1,79
7.0,2.14,70
7.0,2.13rc3,8
7.0,2.13rc2,11
7.0,2.13rc1,12
7.0,2.13.5,860
7.0,2.13.4,50
7.0,2.13.3,35
7.0,2.13.2,44
7.0,2.13.1,54
7.0,2.13,49
7.0,2.12rc1,9
7.0,2.12.6,259
7.0,2.12.5,90
7.0,2.12.4,70
7.0,2.12.3,36
7.0,2.12.2,45
7.0,2.12.1,41
7.0,2.12,112
7.0,2.11rc1,10
7.0,2.11.9,266
7.0,2.11.8,35
7.0,2.11.7,51
7.0,2.11.6,41
7.0,2.11.5,39
7.0,2.11.4,36
7.0,2.11.3,77
7.0,2.11.2,55
7.0,2.11.1,39
7.0,2.11,43
7.0,2.10rc2,11
7.0,2.10rc1,11
7.0,2.10.2,665
7.0,2.10.1,64
7.0,2.1,50
7.0,2.1.3,35
7.0,2.1.2,30
7.0,2.1.1,26
7.0,2.1,53
7.0,2.0rc1,11
7.0,2.0b1,6
7.0,2.0.2,41
7.0,2.0.1,35
7.0,2,35
7.0,1.9rc1,7
7.0,1.9.1,52
7.0,1.9,26
7.0,1.8rc1,9
7.0,1.8.2,31
7.0,1.8.1,29
7.0,1.8,41
7.0,1.7rc1,9
7.0,1.7,33
7.0,1.6rc1,9
7.0,1.6.3,27
7.0,1.6.2,26
7.0,1.6.1,26
7.0,1.6,27
7.0,1.5rc1,9
7.0,1.5.3,27
7.0,1.5.2,25
7.0,1.5.1,26
7.0,1.5,25
7.0,1.4rc1,6
7.0,1.4.6,28
7.0,1.4.5,28
7.0,1.4.4,23
7.0,1.4.3,31
7.0,1.4.2,28
7.0,1.4.1,23
7.0,1.4,25
7.0,1.3rc1,7
7.0,1.3.1,49
7.0,1.3,28
7.0,1.2rc1,9
7.0,1.2,78
7.0,1.1rc1,13
7.0,1.13rc1,11
7.0,1.13.4,247
7.0,1.13.3,27
7.0,1.13.2,27
7.0,1.13.1,46
7.0,1.13,59
7.0,1.12rc1,11
7.0,1.12.6,31
7.0,1.12.5,28
7.0,1.12.4,25
7.0,1.12.3,27
7.0,1.12.2,27
7.0,1.12.1,28
7.0,1.12,28
7.0,1.11rc1,9
7.0,1.11.1,30
7.0,1.11,94
7.0,1.10rc1,7
7.0,1.10.1,33
7.0,1.1,46
7.0,1.1,28
7.0,1.0rc2,10
7.0,1.0rc1,13
7.0,1.0b2,23
7.0,1.0b1,4
7.0,1,172
7.0,0.8.9,27
7.0,0.8.8,22
7.0,0.8.7,25
7.0,0.8.6,23
7.0,0.8.5,22
7.0,0.8.4,25
7.0,0.8.3,23
7.0,0.8.2,21
7.0,0.8.10,31
7.0,0.8.1,20
7.0,0.8,25
7.0,0.7,21
7.0,0.6,20
7.0,0.5,22
7.0,0.4.1,21
7.0,0.4,19
7.0,0.3.1,22
7.0,0.3,14
7.0,0.2,20
7.0,0.1,15
6.4,6.4rc1,413
6.4,6.3rc2,20
6.4,6.3rc1,17
6.4,6.3.3,336
6.4,6.3.2,40498
6.4,6.3.1,13424
6.4,6.3,5498
6.4,6.2rc1,15
6.4,6.2.3,4222
6.4,6.2.2,4190
6.4,6.2.1,2485
6.4,6.2,1584
6.4,6.1rc2,12
6.4,6.1rc1,15
6.4,6.1.3,3206
6.4,6.1.2,1424
6.4,6.1.1,1106
6.4,6.1,417
6.4,6.0rc1,15
6.4,6.0.6,1057
6.4,6.0.5,175
6.4,6.0.4,151
6.4,6.0.3,243
6.4,6.0.2,603
6.4,6.0.1,1212
6.4,6.0,472
6.4,5.2rc1,11
6.4,5.2.8,136
6.4,5.2.7,8295
6.4,5.2.6,4586
6.4,5.2.5,2114
6.4,5.2.4,290
6.4,5.2.3,1376
6.4,5.2.2,1355
6.4,5.2.1,1414
6.4,5.2,975
6.4,5.1rc1,13
6.4,5.1.3,1335
6.4,5.1.2,142
6.4,5.1.1,993
6.4,5.1,444
6.4,5.0rc1,20
6.4,5.0.5,1898
6.4,5.0.4,57
6.4,5.0.3,48
6.4,5.0.2,375
6.4,5.0.1,495
6.4,5.0,556
6.4,4.2rc1,10
6.4,4.2.4,1082
6.4,4.2.3,297
6.4,4.2.2,272
6.4,4.2.1,358
6.4,4.2,792
6.4,4.1rc1,15
6.4,4.1.9,784
6.4,4.1.8,48
6.4,4.1.7,46
6.4,4.1.6,81
6.4,4.1.5,61
6.4,4.1.4,63
6.4,4.1.3,63
6.4,4.1.2,54
6.4,4.1.1,1234
6.4,4.1,336
6.4,4.0rc2,18
6.4,4.0rc1,16
6.4,4.0.4,397
6.4,4.0.3,46
6.4,4.0.2,75
6.4,4.0.1,78
6.4,4.0,134
6.4,3.0rc3,24
6.4,3.0rc2,11
6.4,3.0rc1,13
6.4,3.0.3,452
6.4,3.0.2,61
6.4,3.0.1,355
6.4,3.0,189
6.4,2.9rc1,10
6.4,2.9.3,289
6.4,2.9.2,52
6.4,2.9.1,41
6.4,2.9,185
6.4,2.8rc1,12
6.4,2.8.2,81
6.4,2.8.1,49
6.4,2.8,76
6.4,2.7rc2,10
6.4,2.7rc1,8
6.4,2.7.4,195
6.4,2.7.3,51
6.4,2.7.2,50
6.4,2.7.1,84
6.4,2.7,264
6.4,2.6rc1,10
6.4,2.6.3,161
6.4,2.6.2,66
6.4,2.6.1,53
6.4,2.6,56
6.3,6.3rc2,362
6.3,6.3rc1,229
6.3,6.2rc1,15
6.3,6.2.3,63
6.3,6.2.2,28444
6.3,6.2.1,4844
6.3,6.2,2059
6.3,6.1rc2,17
6.3,6.1rc1,18
6.3,6.1.3,4916
6.3,6.1.2,1666
6.3,6.1.1,4031
6.3,6.1,332
6.3,6.0rc1,15
6.3,6.0.6,1722
6.3,6.0.5,170
6.3,6.0.4,65
6.3,6.0.3,373
6.3,6.0.2,654
6.3,6.0.1,1328
6.3,6.0,284
6.3,5.2rc1,20
6.3,5.2.7,69
6.3,5.2.6,19683
6.3,5.2.5,2869
6.3,5.2.4,466
6.3,5.2.3,1746
6.3,5.2.2,1271
6.3,5.2.1,1843
6.3,5.2,828
6.3,5.1rc1,12
6.3,5.1.3,809
6.3,5.1.2,98
6.3,5.1.1,877
6.3,5.1,240
6.3,5.0rc1,11
6.3,5.0.5,1217
6.3,5.0.4,33
6.3,5.0.3,38
6.3,5.0.2,480
6.3,5.0.1,267
6.3,5.0,437
6.3,4.2rc1,12
6.3,4.2.4,1073
6.3,4.2.3,248
6.3,4.2.2,278
6.3,4.2.1,218
6.3,4.2,369
6.3,4.1rc1,15
6.3,4.1.9,735
6.3,4.1.8,41
6.3,4.1.7,41
6.3,4.1.6,128
6.3,4.1.5,196
6.3,4.1.4,73
6.3,4.1.3,57
6.3,4.1.2,40
6.3,4.1.1,1029
6.3,4.1,358
6.3,4.0rc2,15
6.3,4.0rc1,11
6.3,4.0.4,287
6.3,4.0.3,39
6.3,4.0.2,62
6.3,4.0.1,88
6.3,4.0,125
6.3,3.0rc3,14
6.3,3.0rc2,13
6.3,3.0rc1,11
6.3,3.0.3,528
6.3,3.0.2,43
6.3,3.0.1,553
6.3,3.0,226
6.3,2.9rc1,12
6.3,2.9.3,190
6.3,2.9.2,29
6.3,2.9.1,26
6.3,2.9,135
6.3,2.8rc1,12
6.3,2.8.2,49
6.3,2.8.1,28
6.3,2.8,43
6.3,2.7rc2,11
6.3,2.7rc1,13
6.3,2.7.4,69
6.3,2.7.3,31
6.3,2.7.2,46
6.3,2.7.1,39
6.3,2.7,75
6.3,2.6rc1,10
6.3,2.6.3,136
6.3,2.6.2,39
6.3,2.6.1,32
6.3,2.6,29
6.3,2.5rc1,11
6.3,2.5.2,30
6.3,2.5.1,34
6.3,2.5,29
6.3,2.4rc1,11
6.3,2.4,91
6.2,6.2rc1,626
6.2,6.1rc2,33
6.2,6.1rc1,22
6.2,6.1.3,28774
6.2,6.1.2,5040
6.2,6.1.1,5422
6.2,6.1,1715
6.2,6.0rc1,16
6.2,6.0.6,2208
6.2,6.0.5,602
6.2,6.0.4,199
6.2,6.0.3,738
6.2,6.0.2,892
6.2,6.0.1,1503
6.2,6.0,359
6.2,5.2rc1,12
6.2,5.2.6,542686
6.2,5.2.5,6016
6.2,5.2.4,586
6.2,5.2.3,2901
6.2,5.2.2,1442
6.2,5.2.1,1403
6.2,5.2,3024
6.2,5.1rc1,13
6.2,5.1.3,1805
6.2,5.1.2,322
6.2,5.1.1,1027
6.2,5.1,564
6.2,5.0rc1,13
6.2,5.0.5,4501
6.2,5.0.4,122
6.2,5.0.3,130
6.2,5.0.2,503
6.2,5.0.1,616
6.2,5.0,1160
6.2,4.2rc1,11
6.2,4.2.4,1916
6.2,4.2.3,261
6.2,4.2.2,537
6.2,4.2.1,324
6.2,4.2,919
6.2,4.1rc1,15
6.2,4.1.9,822
6.2,4.1.8,110
6.2,4.1.7,101
6.2,4.1.6,255
6.2,4.1.5,188
6.2,4.1.4,114
6.2,4.1.3,327
6.2,4.1.2,101
6.2,4.1.1,1177
6.2,4.1,323
6.2,4.0rc2,44
6.2,4.0rc1,12
6.2,4.0.4,382
6.2,4.0.3,62
6.2,4.0.2,83
6.2,4.0.1,88
6.2,4.0,341
6.2,3.0rc3,9
6.2,3.0rc2,9
6.2,3.0rc1,12
6.2,3.0.3,551
6.2,3.0.2,63
6.2,3.0.1,353
6.2,3.0,329
6.2,2.9rc1,23
6.2,2.9.3,225
6.2,2.9.2,42
6.2,2.9.1,38
6.2,2.9,141
6.2,2.8rc1,11
6.2,2.8.2,79
6.2,2.8.1,52
6.2,2.8,391
6.2,2.7rc2,7
6.2,2.7rc1,12
6.2,2.7.4,198
6.2,2.7.3,28
6.2,2.7.2,54
6.2,2.7.1,34
6.2,2.7,80
6.2,2.6rc1,9
6.2,2.6.3,173
6.2,2.6.2,27
6.2,2.6.1,67
6.2,2.6,47
6.2,2.5rc1,11
6.2,2.5.2,63
6.2,2.5.1,33
6.2,2.5,32
6.2,2.4rc1,10
6.2,2.4,93
6.2,2.3rc2,8
6.2,2.3rc1,8
6.2,2.3,404
6.2,2.2rc2,10
6.2,2.2rc1,10
6.2,2.2.2,100
6.2,2.2.1,25
6.1,6.1rc2,383
6.1,6.1rc1,580
6.1,6.0rc1,25
6.1,6.0.3,96
6.1,6.0.2,18688
6.1,6.0.1,5682
6.1,6.0,881
6.1,5.2rc1,19
6.1,5.2.5,176
6.1,5.2.4,16997
6.1,5.2.3,9146
6.1,5.2.2,3046
6.1,5.2.1,4612
6.1,5.2,3703
6.1,5.1rc1,17
6.1,5.1.3,2077
6.1,5.1.2,293
6.1,5.1.1,1899
6.1,5.1,588
6.1,5.0rc1,17
6.1,5.0.5,2072
6.1,5.0.4,78
6.1,5.0.3,63
6.1,5.0.2,1368
6.1,5.0.1,491
6.1,5.0,1003
6.1,4.2rc1,17
6.1,4.2.4,2141
6.1,4.2.3,370
6.1,4.2.2,492
6.1,4.2.1,199
6.1,4.2,810
6.1,4.1rc1,16
6.1,4.1.9,1192
6.1,4.1.8,51
6.1,4.1.7,49
6.1,4.1.6,295
6.1,4.1.5,242
6.1,4.1.4,89
6.1,4.1.3,70
6.1,4.1.2,66
6.1,4.1.1,1428
6.1,4.1,441
6.1,4.0rc2,47
6.1,4.0rc1,14
6.1,4.0.4,375
6.1,4.0.3,33
6.1,4.0.2,113
6.1,4.0.1,111
6.1,4.0,823
6.1,3.0rc3,18
6.1,3.0rc2,14
6.1,3.0rc1,14
6.1,3.0.3,875
6.1,3.0.2,40
6.1,3.0.1,457
6.1,3.0,245
6.1,2.9rc1,28
6.1,2.9.3,196
6.1,2.9.2,27
6.1,2.9.1,22
6.1,2.9,163
6.1,2.8rc1,18
6.1,2.8.2,71
6.1,2.8.1,24
6.1,2.8,439
6.1,2.7rc2,18
6.1,2.7rc1,18
6.1,2.7.4,43
6.1,2.7.3,26
6.1,2.7.2,39
6.1,2.7.1,26
6.1,2.7,111
6.1,2.6rc1,18
6.1,2.6.3,140
6.1,2.6.2,30
6.1,2.6.1,29
6.1,2.6,49
6.1,2.5rc1,18
6.1,2.5.2,41
6.1,2.5.1,24
6.1,2.5,38
6.1,2.4rc1,20
6.1,2.4,63
6.1,2.3rc2,18
6.1,2.3rc1,16
6.1,2.3,307
6.1,2.2rc2,18
6.1,2.2rc1,16
6.1,2.2.2,55
6.1,2.2.1,22
6.1,2.2,24
6.1,2.1rc2,20
6.1,2.1rc1,21
6.1,2.16rc2,17
6.1,2.16rc1,14
6.1,2.16.3,877
6.1,2.16.2,606
6.1,2.16.1,154
6.1,2.16,102
6.0,6.0rc1,522
6.0,5.2rc1,190
6.0,5.2.3,31344
6.0,5.2.2,10851
6.0,5.2.1,5646
6.0,5.2,6980
6.0,5.1rc1,12
6.0,5.1.3,3602
6.0,5.1.2,1655
6.0,5.1.1,8478
6.0,5.1,769
6.0,5.0rc1,12
6.0,5.0.5,3417
6.0,5.0.4,834
6.0,5.0.3,153
6.0,5.0.2,1366
6.0,5.0.1,532
6.0,5.0,883
6.0,4.2rc1,11
6.0,4.2.4,3424
6.0,4.2.3,366
6.0,4.2.2,557
6.0,4.2.1,306
6.0,4.2,605
6.0,4.1rc1,10
6.0,4.1.9,3668
6.0,4.1.8,558
6.0,4.1.7,81
6.0,4.1.6,570
6.0,4.1.5,340
6.0,4.1.4,138
6.0,4.1.3,118
6.0,4.1.2,86
6.0,4.1.1,1478
6.0,4.1,319
6.0,4.0rc2,53
6.0,4.0rc1,10
6.0,4.0.4,523
6.0,4.0.3,29
6.0,4.0.2,69
6.0,4.0.1,93
6.0,4.0,264
6.0,3.0rc3,10
6.0,3.0rc2,10
6.0,3.0rc1,10
6.0,3.0.3,728
6.0,3.0.2,39
6.0,3.0.1,400
6.0,3.0,337
6.0,2.9rc1,25
6.0,2.9.3,135
6.0,2.9.2,32
6.0,2.9.1,18
6.0,2.9,170
6.0,2.8rc1,10
6.0,2.8.2,74
6.0,2.8.1,18
6.0,2.8,252
6.0,2.7rc2,10
6.0,2.7rc1,10
6.0,2.7.4,73
6.0,2.7.3,18
6.0,2.7.2,31
6.0,2.7.1,49
6.0,2.7,49
6.0,2.6rc1,10
6.0,2.6.3,174
6.0,2.6.2,16
6.0,2.6.1,22
6.0,2.6,13
6.0,2.5rc1,10
6.0,2.5.2,20
6.0,2.5.1,17
6.0,2.5,21
6.0,2.4rc1,10
6.0,2.4,72
6.0,2.3rc2,10
6.0,2.3rc1,10
6.0,2.3,239
6.0,2.2rc2,10
6.0,2.2rc1,10
6.0,2.2.2,62
6.0,2.2.1,14
6.0,2.2,13
6.0,2.1rc2,10
6.0,2.1rc1,10
6.0,2.16rc2,8
6.0,2.16rc1,8
6.0,2.16.3,798
6.0,2.16.2,763
6.0,2.16.1,211
6.0,2.16,103
6.0,2.15rc2,6
6.0,2.15rc1,6
6.0,2.15.6,755
6.0,2.15.5,238
6.0,2.15.4,141
6.0,2.15.3,152
6.0,2.15.2,130
6.0,2.15.1,984
5.2,5.2rc1,1298
5.2,5.1rc1,29
5.2,5.1.3,23063
5.2,5.1.2,5988
5.2,5.1.1,5569
5.2,5.1,1238
5.2,5.0rc1,9
5.2,5.0.5,3886
5.2,5.0.4,472
5.2,5.0.3,271
5.2,5.0.2,5085
5.2,5.0.1,1027
5.2,5.0,4104
5.2,4.2rc1,13
5.2,4.2.4,3920
5.2,4.2.3,671
5.2,4.2.2,1250
5.2,4.2.1,383
5.2,4.2,824
5.2,4.1rc1,4
5.2,4.1.9,2731
5.2,4.1.8,1173
5.2,4.1.7,121
5.2,4.1.6,1432
5.2,4.1.5,283
5.2,4.1.4,424
5.2,4.1.3,113
5.2,4.1.2,171
5.2,4.1.1,1613
5.2,4.1,631
5.2,4.0rc2,5
5.2,4.0rc1,4
5.2,4.0.4,566
5.2,4.0.3,34
5.2,4.0.2,154
5.2,4.0.1,136
5.2,4.0,313
5.2,3.0rc3,4
5.2,3.0rc2,3
5.2,3.0rc1,3
5.2,3.0.3,864
5.2,3.0.2,45
5.2,3.0.1,470
5.2,3.0,390
5.2,2.9rc1,16
5.2,2.9.3,170
5.2,2.9.2,8
5.2,2.9.1,43
5.2,2.9,156
5.2,2.8rc1,3
5.2,2.8.2,26
5.2,2.8.1,14
5.2,2.8,169
5.2,2.7rc2,5
5.2,2.7rc1,3
5.2,2.7.4,54
5.2,2.7.3,153
5.2,2.7.2,18
5.2,2.7.1,58
5.2,2.7,32
5.2,2.6rc1,3
5.2,2.6.3,232
5.2,2.6.2,8
5.2,2.6.1,9
5.2,2.6,10
5.2,2.5rc1,3
5.2,2.5.2,13
5.2,2.5.1,13
5.2,2.5,7
5.2,2.4rc1,3
5.2,2.4,56
5.2,2.3rc2,3
5.2,2.3rc1,3
5.2,2.3,225
5.2,2.2rc2,3
5.2,2.2rc1,3
5.2,2.2.2,52
5.2,2.2.1,5
5.2,2.2,7
5.2,2.1rc2,3
5.2,2.1rc1,3
5.2,2.16rc2,3
5.2,2.16rc1,3
5.2,2.16.3,1038
5.2,2.16.2,625
5.2,2.16.1,389
5.2,2.16,148
5.2,2.15rc2,3
5.2,2.15rc1,4
5.2,2.15.6,751
5.2,2.15.5,264
5.2,2.15.4,74
5.2,2.15.3,200
5.2,2.15.2,547
5.2,2.15.1,805
5.2,2.15,379
5.2,2.14rc1,3
5.2,2.14.2,760
5.2,2.14.1,245
5.2,2.14,63
5.1,5.1rc1,1298
5.1,5.0rc1,20
5.1,5.0.2,21456
5.1,5.0.1,2873
5.1,5.0,2099
5.1,4.2rc1,15
5.1,4.2.4,6559
5.1,4.2.3,1004
5.1,4.2.2,2981
5.1,4.2.1,466
5.1,4.2,1595
5.1,4.1rc1,14
5.1,4.1.6,5411
5.1,4.1.5,361
5.1,4.1.4,2252
5.1,4.1.3,112
5.1,4.1.2,309
5.1,4.1.1,2903
5.1,4.1,361
5.1,4.0rc2,14
5.1,4.0rc1,14
5.1,4.0.4,2515
5.1,4.0.3,41
5.1,4.0.2,301
5.1,4.0.1,177
5.1,4.0,139
5.1,3.0rc3,12
5.1,3.0rc2,11
5.1,3.0rc1,12
5.1,3.0.3,899
5.1,3.0.2,58
5.1,3.0.1,907
5.1,3.0,410
5.1,2.9rc1,25
5.1,2.9.3,215
5.1,2.9.2,37
5.1,2.9.1,76
5.1,2.9,202
5.1,2.8rc1,13
5.1,2.8.2,61
5.1,2.8.1,39
5.1,2.8,174
5.1,2.7rc2,13
5.1,2.7rc1,14
5.1,2.7.4,150
5.1,2.7.3,78
5.1,2.7.2,50
5.1,2.7.1,110
5.1,2.7,180
5.1,2.6rc1,13
5.1,2.6.3,298
5.1,2.6.2,50
5.1,2.6.1,47
5.1,2.6,31
5.1,2.5rc1,12
5.1,2.5.2,36
5.1,2.5.1,41
5.1,2.5,35
5.1,2.4rc1,11
5.1,2.4,73
5.1,2.3rc2,12
5.1,2.3rc1,12
5.1,2.3,310
5.1,2.2rc2,13
5.1,2.2rc1,12
5.1,2.2.2,75
5.1,2.2.1,33
5.1,2.2,37
5.1,2.1rc2,12
5.1,2.1rc1,11
5.1,2.16rc2,12
5.1,2.16rc1,12
5.1,2.16.3,1338
5.1,2.16.2,1027
5.1,2.16.1,461
5.1,2.16,76
5.1,2.15rc2,13
5.1,2.15rc1,12
5.1,2.15.6,1155
5.1,2.15.5,256
5.1,2.15.4,175
5.1,2.15.3,200
5.1,2.15.2,532
5.1,2.15.1,974
5.1,2.15,1839
5.1,2.14rc1,12
5.1,2.14.2,196
5.1,2.14.1,455
5.1,2.14,71
5.1,2.13rc3,12
5.1,2.13rc2,12
5.1,2.13rc1,12
5.1,2.13.5,303
5.1,2.13.4,117
5.1,2.13.3,45
5.1,2.13.2,312
5.1,2.13.1,169
5.1,2.13,222
5.1,2.12rc1,12
5.1,2.12.6,155
5.0,5.0rc1,511
5.0,4.2rc1,42
5.0,4.2.3,162
5.0,4.2.2,16366
5.0,4.2.1,1253
5.0,4.2,2785
5.0,4.1rc1,24
5.0,4.1.5,77
5.0,4.1.4,5153
5.0,4.1.3,626
5.0,4.1.2,546
5.0,4.1.1,4923
5.0,4.1,246
5.0,4.0rc2,22
5.0,4.0rc1,21
5.0,4.0.4,3989
5.0,4.0.3,74
5.0,4.0.2,386
5.0,4.0.1,255
5.0,4.0,118
5.0,3.0rc3,21
5.0,3.0rc2,24
5.0,3.0rc1,19
5.0,3.0.3,2004
5.0,3.0.2,62
5.0,3.0.1,1213
5.0,3.0,577
5.0,2.9rc1,61
5.0,2.9.3,172
5.0,2.9.2,35
5.0,2.9.1,102
5.0,2.9,472
5.0,2.8rc1,22
5.0,2.8.2,64
5.0,2.8.1,34
5.0,2.8,294
5.0,2.7rc2,22
5.0,2.7rc1,22
5.0,2.7.4,138
5.0,2.7.3,127
5.0,2.7.2,56
5.0,2.7.1,60
5.0,2.7,157
5.0,2.6rc1,20
5.0,2.6.3,228
5.0,2.6.2,39
5.0,2.6.1,39
5.0,2.6,34
5.0,2.5rc1,23
5.0,2.5.2,42
5.0,2.5.1,62
5.0,2.5,41
5.0,2.4rc1,20
5.0,2.4,71
5.0,2.3rc2,21
5.0,2.3rc1,21
5.0,2.3,186
5.0,2.2rc2,20
5.0,2.2rc1,22
5.0,2.2.2,92
5.0,2.2.1,33
5.0,2.2,44
5.0,2.1rc2,25
5.0,2.1rc1,21
5.0,2.16rc2,26
5.0,2.16rc1,22
5.0,2.16.3,1463
5.0,2.16.2,871
5.0,2.16.1,421
5.0,2.16,88
5.0,2.15rc2,23
5.0,2.15rc1,20
5.0,2.15.6,1699
5.0,2.15.5,274
5.0,2.15.4,277
5.0,2.15.3,338
5.0,2.15.2,454
5.0,2.15.1,800
5.0,2.15,933
5.0,2.14rc1,23
5.0,2.14.2,249
5.0,2.14.1,234
5.0,2.14,82
5.0,2.13rc3,21
5.0,2.13rc2,21
5.0,2.13rc1,24
5.0,2.13.5,401
5.0,2.13.4,164
5.0,2.13.3,54
5.0,2.13.2,407
5.0,2.13.1,94
5.0,2.13,150
5.0,2.12rc1,22
5.0,2.12.6,139
5.0,2.12.5,108
5.0,2.12.4,80
5.0,2.12.3,57
5.0,2.12.2,100
5.0,2.12.1,32
5.0,2.12,38
4.2,4.2rc1,1122
4.2,4.1rc1,40
4.2,4.1.2,213
4.2,4.1.1,25036
4.2,4.1,1284
4.2,4.0rc2,23
4.2,4.0rc1,24
4.2,4.0.4,9692
4.2,4.0.3,157
4.2,4.0.2,969
4.2,4.0.1,790
4.2,4.0,1557
4.2,3.0rc3,26
4.2,3.0rc2,20
4.2,3.0rc1,20
4.2,3.0.3,4719
4.2,3.0.2,174
4.2,3.0.1,2774
4.2,3.0,2994
4.2,2.9rc1,68
4.2,2.9.3,372
4.2,2.9.2,50
4.2,2.9.1,85
4.2,2.9,849
4.2,2.8rc1,17
4.2,2.8.2,126
4.2,2.8.1,34
4.2,2.8,380
4.2,2.7rc2,19
4.2,2.7rc1,19
4.2,2.7.4,249
4.2,2.7.3,180
4.2,2.7.2,67
4.2,2.7.1,166
4.2,2.7,241
4.2,2.6rc1,18
4.2,2.6.3,876
4.2,2.6.2,53
4.2,2.6.1,27
4.2,2.6,27
4.2,2.5rc1,17
4.2,2.5.2,46
4.2,2.5.1,43
4.2,2.5,36
4.2,2.4rc1,19
4.2,2.4,165
4.2,2.3rc2,17
4.2,2.3rc1,19
4.2,2.3,449
4.2,2.2rc2,19
4.2,2.2rc1,17
4.2,2.2.2,171
4.2,2.2.1,29
4.2,2.2,28
4.2,2.1rc2,19
4.2,2.1rc1,18
4.2,2.16rc2,20
4.2,2.16rc1,20
4.2,2.16.3,3984
4.2,2.16.2,2357
4.2,2.16.1,2048
4.2,2.16,155
4.2,2.15rc2,18
4.2,2.15rc1,17
4.2,2.15.6,2308
4.2,2.15.5,1405
4.2,2.15.4,592
4.2,2.15.3,796
4.2,2.15.2,1888
4.2,2.15.1,974
4.2,2.15,1164
4.2,2.14rc1,17
4.2,2.14.2,582
4.2,2.14.1,680
4.2,2.14,148
4.2,2.13rc3,17
4.2,2.13rc2,18
4.2,2.13rc1,19
4.2,2.13.5,581
4.2,2.13.4,342
4.2,2.13.3,81
4.2,2.13.2,1047
4.2,2.13.1,384
4.2,2.13,174
4.2,2.12rc1,18
4.2,2.12.6,1489
4.2,2.12.5,116
4.2,2.12.4,208
4.2,2.12.3,76
4.2,2.12.2,155
4.2,2.12.1,68
4.2,2.12,78
4.2,2.11rc1,17
4.2,2.11.9,237
4.2,2.11.8,218
4.2,2.11.7,174
4.2,2.11.6,75
4.2,2.11.5,54
4.2,2.11.4,52
4.2,2.11.3,253
4.1,4.1rc1,577
4.1,4.0rc2,66
4.1,4.0rc1,89
4.1,4.0.4,12450
4.1,4.0.3,439
4.1,4.0.2,4274
4.1,4.0.1,1717
4.1,4.0,2061
4.1,3.0rc3,23
4.1,3.0rc2,23
4.1,3.0rc1,22
4.1,3.0.3,4579
4.1,3.0.2,267
4.1,3.0.1,4109
4.1,3.0,2069
4.1,2.9rc1,34
4.1,2.9.3,385
4.1,2.9.2,76
4.1,2.9.1,64
4.1,2.9,188
4.1,2.8rc1,18
4.1,2.8.2,164
4.1,2.8.1,50
4.1,2.8,385
4.1,2.7rc2,18
4.1,2.7rc1,19
4.1,2.7.4,163
4.1,2.7.3,102
4.1,2.7.2,50
4.1,2.7.1,152
4.1,2.7,103
4.1,2.6rc1,18
4.1,2.6.3,145
4.1,2.6.2,38
4.1,2.6.1,48
4.1,2.6,48
4.1,2.5rc1,18
4.1,2.5.2,84
4.1,2.5.1,40
4.1,2.5,47
4.1,2.4rc1,18
4.1,2.4,77
4.1,2.3rc2,18
4.1,2.3rc1,18
4.1,2.3,132
4.1,2.2rc2,19
4.1,2.2rc1,21
4.1,2.2.2,47
4.1,2.2.1,32
4.1,2.2,30
4.1,2.1rc2,18
4.1,2.1rc1,21
4.1,2.16rc2,21
4.1,2.16rc1,20
4.1,2.16.3,3889
4.1,2.16.2,2910
4.1,2.16.1,2243
4.1,2.16,337
4.1,2.15rc2,22
4.1,2.15rc1,21
4.1,2.15.6,2035
4.1,2.15.5,1483
4.1,2.15.4,799
4.1,2.15.3,829
4.1,2.15.2,1231
4.1,2.15.1,1022
4.1,2.15,1177
4.1,2.14rc1,19
4.1,2.14.2,684
4.1,2.14.1,311
4.1,2.14,125
4.1,2.13rc3,18
4.1,2.13rc2,19
4.1,2.13rc1,18
4.1,2.13.5,702
4.1,2.13.4,299
4.1,2.13.3,86
4.1,2.13.2,549
4.1,2.13.1,275
4.1,2.13,118
4.1,2.12rc1,18
4.1,2.12.6,553
4.1,2.12.5,88
4.1,2.12.4,109
4.1,2.12.3,121
4.1,2.12.2,186
4.1,2.12.1,55
4.1,2.12,78
4.1,2.11rc1,19
4.1,2.11.9,654
4.1,2.11.8,223
4.1,2.11.7,72
4.1,2.11.6,64
4.1,2.11.5,56
4.1,2.11.4,53
4.1,2.11.3,235
4.1,2.11.2,165
4.1,2.11.1,117
4.1,2.11,69
4.1,2.10rc2,18
4.0,4.0rc2,751
4.0,4.0rc1,420
4.0,3.0rc3,56
4.0,3.0rc2,29
4.0,3.0rc1,30
4.0,3.0.2,633
4.0,3.0.1,19343
4.0,3.0,2743
4.0,2.9rc1,110
4.0,2.9.3,514
4.0,2.9.2,93
4.0,2.9.1,142
4.0,2.9,230
4.0,2.8rc1,25
4.0,2.8.2,154
4.0,2.8.1,112
4.0,2.8,589
4.0,2.7rc2,23
4.0,2.7rc1,22
4.0,2.7.4,209
4.0,2.7.3,171
4.0,2.7.2,67
4.0,2.7.1,697
4.0,2.7,233
4.0,2.6rc1,22
4.0,2.6.3,172
4.0,2.6.2,80
4.0,2.6.1,102
4.0,2.6,72
4.0,2.5rc1,22
4.0,2.5.2,184
4.0,2.5.1,86
4.0,2.5,121
4.0,2.4rc1,23
4.0,2.4,214
4.0,2.3rc2,23
4.0,2.3rc1,22
4.0,2.3,312
4.0,2.2rc2,23
4.0,2.2rc1,22
4.0,2.2.2,130
4.0,2.2.1,57
4.0,2.2,58
4.0,2.1rc2,24
4.0,2.1rc1,22
4.0,2.16rc2,35
4.0,2.16rc1,28
4.0,2.16.2,11747
4.0,2.16.1,3414
4.0,2.16,396
4.0,2.15rc2,23
4.0,2.15rc1,41
4.0,2.15.5,4241
4.0,2.15.4,1131
4.0,2.15.3,995
4.0,2.15.2,3819
4.0,2.15.1,1922
4.0,2.15,1716
4.0,2.14rc1,24
4.0,2.14.2,1432
4.0,2.14.1,709
4.0,2.14,188
4.0,2.13rc3,23
4.0,2.13rc2,24
4.0,2.13rc1,24
4.0,2.13.5,864
4.0,2.13.4,317
4.0,2.13.3,161
4.0,2.13.2,561
4.0,2.13.1,521
4.0,2.13,244
4.0,2.12rc1,23
4.0,2.12.6,526
4.0,2.12.5,455
4.0,2.12.4,155
4.0,2.12.3,135
4.0,2.12.2,267
4.0,2.12.1,126
4.0,2.12,117
4.0,2.11rc1,22
4.0,2.11.9,862
4.0,2.11.8,532
4.0,2.11.7,130
4.0,2.11.6,107
4.0,2.11.5,224
4.0,2.11.4,92
4.0,2.11.3,257
4.0,2.11.2,183
4.0,2.11.1,103
4.0,2.11,178
4.0,2.10rc2,23
4.0,2.10rc1,23
4.0,2.10.2,1021
4.0,2.10.1,354
4.0,2.10,182
4.0,2.1.3,70
4.0,2.1.2,55
4.0,2.1.1,60
4.0,2.1,157
4.0,2.0rc1,25
3.0,3.0rc3,852
3.0,3.0rc2,574
3.0,3.0rc1,632
3.0,2.9rc1,139
3.0,2.9.3,621
3.0,2.9.2,146
3.0,2.9.1,309
3.0,2.9,479
3.0,2.8rc1,38
3.0,2.8.2,226
3.0,2.8.1,183
3.0,2.8,923
3.0,2.7rc2,41
3.0,2.7rc1,38
3.0,2.7.4,813
3.0,2.7.3,188
3.0,2.7.2,122
3.0,2.7.1,438
3.0,2.7,544
3.0,2.6rc1,39
3.0,2.6.3,240
3.0,2.6.2,157
3.0,2.6.1,115
3.0,2.6,171
3.0,2.5rc1,36
3.0,2.5.2,392
3.0,2.5.1,237
3.0,2.5,115
3.0,2.4rc1,36
3.0,2.4,294
3.0,2.3rc2,42
3.0,2.3rc1,46
3.0,2.3,988
3.0,2.2rc2,36
3.0,2.2rc1,41
3.0,2.2.2,132
3.0,2.2.1,85
3.0,2.2,198
3.0,2.1rc2,44
3.0,2.1rc1,39
3.0,2.16rc2,65
3.0,2.16rc1,61
3.0,2.16.2,27834
3.0,2.16.1,11209
3.0,2.16,864
3.0,2.15rc2,63
3.0,2.15rc1,70
3.0,2.15.5,8407
3.0,2.15.4,4061
3.0,2.15.3,2900
3.0,2.15.2,5509
3.0,2.15.1,4824
3.0,2.15,688
3.0,2.14rc1,54
3.0,2.14.2,3326
3.0,2.14.1,2170
3.0,2.14,458
3.0,2.13rc3,55
3.0,2.13rc2,47
3.0,2.13rc1,43
3.0,2.13.5,3848
3.0,2.13.4,1497
3.0,2.13.3,206
3.0,2.13.2,2342
3.0,2.13.1,927
3.0,2.13,715
3.0,2.12rc1,51
3.0,2.12.6,1293
3.0,2.12.5,399
3.0,2.12.4,450
3.0,2.12.3,400
3.0,2.12.2,457
3.0,2.12.1,127
3.0,2.12,176
3.0,2.11rc1,45
3.0,2.11.9,1529
3.0,2.11.8,1253
3.0,2.11.7,376
3.0,2.11.6,154
3.0,2.11.5,256
3.0,2.11.4,97
3.0,2.11.3,536
3.0,2.11.2,204
3.0,2.11.1,113
3.0,2.11,262
3.0,2.10rc2,42
3.0,2.10rc1,40
3.0,2.10.2,2033
3.0,2.10.1,867
3.0,2.10,413
3.0,2.1.3,150
3.0,2.1.2,76
3.0,2.1.1,81
3.0,2.1,142
3.0,2.0rc1,40
3.0,2.0b1,42
3.0,2.0.2,115
3.0,2.0.1,253
3.0,2.0,111
3.0,1.9rc1,41
2.16,2.9rc1,124
2.16,2.9.3,725
2.16,2.9.2,113
2.16,2.9.1,76
2.16,2.9,638
2.16,2.8rc1,31
2.16,2.8.2,169
2.16,2.8.1,97
2.16,2.8,492
2.16,2.7rc2,30
2.16,2.7rc1,30
2.16,2.7.4,353
2.16,2.7.3,109
2.16,2.7.2,183
2.16,2.7.1,374
2.16,2.7,190
2.16,2.6rc1,32
2.16,2.6.3,210
2.16,2.6.2,71
2.16,2.6.1,71
2.16,2.6,76
2.16,2.5rc1,31
2.16,2.5.2,268
2.16,2.5.1,126
2.16,2.5,294
2.16,2.4rc1,31
2.16,2.4,204
2.16,2.3rc2,32
2.16,2.3rc1,33
2.16,2.3,620
2.16,2.2rc2,31
2.16,2.2rc1,31
2.16,2.2.2,85
2.16,2.2.1,47
2.16,2.2,57
2.16,2.1rc2,31
2.16,2.1rc1,31
2.16,2.16rc2,494
2.16,2.16rc1,478
2.16,2.15rc2,51
2.16,2.15rc1,103
2.16,2.15.3,9002
2.16,2.15.2,6737
2.16,2.15.1,10849
2.16,2.15,1376
2.16,2.14rc1,38
2.16,2.14.2,3791
2.16,2.14.1,3338
2.16,2.14,876
2.16,2.13rc3,36
2.16,2.13rc2,36
2.16,2.13rc1,36
2.16,2.13.5,2842
2.16,2.13.4,1262
2.16,2.13.3,144
2.16,2.13.2,1296
2.16,2.13.1,788
2.16,2.13,684
2.16,2.12rc1,34
2.16,2.12.6,1171
2.16,2.12.5,560
2.16,2.12.4,386
2.16,2.12.3,454
2.16,2.12.2,783
2.16,2.12.1,109
2.16,2.12,314
2.16,2.11rc1,34
2.16,2.11.9,1754
2.16,2.11.8,1437
2.16,2.11.7,938
2.16,2.11.6,182
2.16,2.11.5,285
2.16,2.11.4,148
2.16,2.11.3,558
2.16,2.11.2,375
2.16,2.11.1,165
2.16,2.11,250
2.16,2.10rc2,34
2.16,2.10rc1,34
2.16,2.10.2,2221
2.16,2.10.1,415
2.16,2.10,223
2.16,2.1.3,84
2.16,2.1.2,50
2.16,2.1.1,108
2.16,2.1,78
2.16,2.0rc1,32
2.16,2.0b1,35
2.16,2.0.2,58
2.16,2.0.1,89
2.16,2.0,47
2.16,1.9rc1,33
2.16,1.9.1,49
2.16,1.9,45
2.16,1.8rc1,32
2.16,1.8.2,42
2.16,1.8.1,43
2.16,1.8,43
2.16,1.7rc1,31
2.16,1.7,56
2.15,2.9rc1,115
2.15,2.9.3,1013
2.15,2.9.2,105
2.15,2.9.1,99
2.15,2.9,1092
2.15,2.8rc1,78
2.15,2.8.2,516
2.15,2.8.1,241
2.15,2.8,802
2.15,2.7rc2,48
2.15,2.7rc1,34
2.15,2.7.4,976
2.15,2.7.3,92
2.15,2.7.2,141
2.15,2.7.1,340
2.15,2.7,534
2.15,2.6rc1,54
2.15,2.6.3,530
2.15,2.6.2,118
2.15,2.6.1,181
2.15,2.6,154
2.15,2.5rc1,45
2.15,2.5.2,317
2.15,2.5.1,144
2.15,2.5,248
2.15,2.4rc1,53
2.15,2.4,328
2.15,2.3rc2,35
2.15,2.3rc1,47
2.15,2.3,1088
2.15,2.2rc2,53
2.15,2.2rc1,42
2.15,2.2.2,99
2.15,2.2.1,69
2.15,2.2,94
2.15,2.1rc2,49
2.15,2.1rc1,31
2.15,2.15rc2,320
2.15,2.15rc1,409
2.15,2.14rc1,162
2.15,2.14.2,14379
2.15,2.14.1,10232
2.15,2.14,1325
2.15,2.13rc3,58
2.15,2.13rc2,53
2.15,2.13rc1,65
2.15,2.13.5,2549
2.15,2.13.4,4265
2.15,2.13.3,507
2.15,2.13.2,2044
2.15,2.13.1,1084
2.15,2.13,991
2.15,2.12rc1,39
2.15,2.12.6,1780
2.15,2.12.5,1472
2.15,2.12.4,924
2.15,2.12.3,538
2.15,2.12.2,529
2.15,2.12.1,112
2.15,2.12,599
2.15,2.11rc1,49
2.15,2.11.8,3936
2.15,2.11.7,1130
2.15,2.11.6,290
2.15,2.11.5,532
2.15,2.11.4,88
2.15,2.11.3,535
2.15,2.11.2,256
2.15,2.11.1,117
2.15,2.11,246
2.15,2.10rc2,33
2.15,2.10rc1,54
2.15,2.10.2,2889
2.15,2.10.1,441
2.15,2.10,260
2.15,2.1.3,114
2.15,2.1.2,67
2.15,2.1.1,117
2.15,2.1,109
2.15,2.0rc1,43
2.15,2.0b1,52
2.15,2.0.2,141
2.15,2.0.1,192
2.15,2.0,82
2.15,1.9rc1,41
2.15,1.9.1,109
2.15,1.9,78
2.15,1.8rc1,42
2.15,1.8.2,82
2.15,1.8.1,88
2.15,1.8,89
2.15,1.7rc1,34
2.15,1.7,90
2.15,1.6rc1,33
2.15,1.6.3,87
2.15,1.6.2,66
2.15,1.6.1,72
2.15,1.6,79
2.15,1.5rc1,36
2.15,1.5.3,81
2.14,2.9rc1,114
2.14,2.9.3,947
2.14,2.9.2,114
2.14,2.9.1,119
2.14,2.9,1184
2.14,2.8rc1,31
2.14,2.8.2,919
2.14,2.8.1,413
2.14,2.8,390
2.14,2.7rc2,34
2.14,2.7rc1,26
2.14,2.7.4,1367
2.14,2.7.3,182
2.14,2.7.2,112
2.14,2.7.1,488
2.14,2.7,642
2.14,2.6rc1,31
2.14,2.6.3,245
2.14,2.6.2,126
2.14,2.6.1,431
2.14,2.6,102
2.14,2.5rc1,29
2.14,2.5.2,340
2.14,2.5.1,239
2.14,2.5,258
2.14,2.4rc1,27
2.14,2.4,296
2.14,2.3rc2,31
2.14,2.3rc1,29
2.14,2.3,332
2.14,2.2rc2,29
2.14,2.2rc1,29
2.14,2.2.2,120
2.14,2.2.1,71
2.14,2.2,59
2.14,2.1rc2,30
2.14,2.1rc1,28
2.14,2.14rc1,581
2.14,2.13rc3,63
2.14,2.13rc2,81
2.14,2.13rc1,60
2.14,2.13.4,15402
2.14,2.13.3,3441
2.14,2.13.2,5997
2.14,2.13.1,2324
2.14,2.13,1546
2.14,2.12rc1,38
2.14,2.12.6,1875
2.14,2.12.5,4013
2.14,2.12.4,2071
2.14,2.12.3,1736
2.14,2.12.2,442
2.14,2.12.1,137
2.14,2.12,576
2.14,2.11rc1,30
2.14,2.11.8,4735
2.14,2.11.7,1173
2.14,2.11.6,409
2.14,2.11.5,180
2.14,2.11.4,282
2.14,2.11.3,1006
2.14,2.11.2,369
2.14,2.11.1,173
2.14,2.11,160
2.14,2.10rc2,27
2.14,2.10rc1,31
2.14,2.10.2,2704
2.14,2.10.1,638
2.14,2.10,228
2.14,2.1.3,100
2.14,2.1.2,43
2.14,2.1.1,69
2.14,2.1,73
2.14,2.0rc1,30
2.14,2.0b1,36
2.14,2.0.2,80
2.14,2.0.1,147
2.14,2.0,52
2.14,1.9rc1,33
2.14,1.9.1,59
2.14,1.9,69
2.14,1.8rc1,41
2.14,1.8.2,46
2.14,1.8.1,52
2.14,1.8,48
2.14,1.7rc1,28
2.14,1.7,70
2.14,1.6rc1,31
2.14,1.6.3,86
2.14,1.6.2,45
2.14,1.6.1,46
2.14,1.6,46
2.14,1.5rc1,26
2.14,1.5.3,44
2.14,1.5.2,65
2.14,1.5.1,44
2.14,1.5,45
2.14,1.4rc1,26
2.14,1.4.6,45
2.14,1.4.5,39
2.13,2.9rc1,142
2.13,2.9.3,2317
2.13,2.9.2,211
2.13,2.9.1,141
2.13,2.9,1253
2.13,2.8rc1,40
2.13,2.8.2,1069
2.13,2.8.1,911
2.13,2.8,458
2.13,2.7rc2,96
2.13,2.7rc1,30
2.13,2.7.4,1557
2.13,2.7.3,154
2.13,2.7.2,109
2.13,2.7.1,442
2.13,2.7,678
2.13,2.6rc1,31
2.13,2.6.3,504
2.13,2.6.2,357
2.13,2.6.1,206
2.13,2.6,55
2.13,2.5rc1,29
2.13,2.5.2,937
2.13,2.5.1,313
2.13,2.5,260
2.13,2.4rc1,30
2.13,2.4,401
2.13,2.3rc2,37
2.13,2.3rc1,31
2.13,2.3,545
2.13,2.2rc2,33
2.13,2.2rc1,30
2.13,2.2.2,145
2.13,2.2.1,74
2.13,2.2,64
2.13,2.1rc2,30
2.13,2.1rc1,30
2.13,2.13rc3,809
2.13,2.13rc2,407
2.13,2.13rc1,637
2.13,2.12rc1,38
2.13,2.12.4,20446
2.13,2.12.3,18527
2.13,2.12.2,1401
2.13,2.12.1,779
2.13,2.12,1619
2.13,2.11rc1,35
2.13,2.11.7,5313
2.13,2.11.6,2006
2.13,2.11.5,632
2.13,2.11.4,590
2.13,2.11.3,2289
2.13,2.11.2,709
2.13,2.11.1,965
2.13,2.11,606
2.13,2.10rc2,31
2.13,2.10rc1,31
2.13,2.10.2,5323
2.13,2.10.1,2457
2.13,2.10,523
2.13,2.1.3,119
2.13,2.1.2,50
2.13,2.1.1,63
2.13,2.1,74
2.13,2.0rc1,31
2.13,2.0b1,45
2.13,2.0.2,122
2.13,2.0.1,333
2.13,2.0,107
2.13,1.9rc1,36
2.13,1.9.1,62
2.13,1.9,63
2.13,1.8rc1,41
2.13,1.8.2,42
2.13,1.8.1,43
2.13,1.8,119
2.13,1.7rc1,29
2.13,1.7,78
2.13,1.6rc1,31
2.13,1.6.3,92
2.13,1.6.2,40
2.13,1.6.1,43
2.13,1.6,43
2.13,1.5rc1,28
2.13,1.5.3,47
2.13,1.5.2,85
2.13,1.5.1,41
2.13,1.5,44
2.13,1.4rc1,30
2.13,1.4.6,51
2.13,1.4.5,43
2.13,1.4.4,41
2.13,1.4.3,47
2.13,1.4.2,42
2.13,1.4.1,42
2.13,1.4,37
2.13,1.3rc1,32
2.13,1.3.1,45
2.13,1.3,44
2.13,1.2rc1,29
2.12,2.9rc1,130
2.12,2.9.3,5780
2.12,2.9.2,297
2.12,2.9.1,124
2.12,2.9,1312
2.12,2.8rc1,39
2.12,2.8.2,660
2.12,2.8.1,709
2.12,2.8,436
2.12,2.7rc2,32
2.12,2.7rc1,33
2.12,2.7.4,1825
2.12,2.7.3,637
2.12,2.7.2,160
2.12,2.7.1,374
2.12,2.7,375
2.12,2.6rc1,41
2.12,2.6.3,367
2.12,2.6.2,154
2.12,2.6.1,122
2.12,2.6,85
2.12,2.5rc1,33
2.12,2.5.2,360
2.12,2.5.1,230
2.12,2.5,382
2.12,2.4rc1,34
2.12,2.4,265
2.12,2.3rc2,37
2.12,2.3rc1,40
2.12,2.3,612
2.12,2.2rc2,39
2.12,2.2rc1,36
2.12,2.2.2,238
2.12,2.2.1,68
2.12,2.2,62
2.12,2.1rc2,36
2.12,2.1rc1,33
2.12,2.12rc1,396
2.12,2.11rc1,41
2.12,2.11.3,24645
2.12,2.11.2,2662
2.12,2.11.1,1334
2.12,2.11,1422
2.12,2.10rc2,35
2.12,2.10rc1,37
2.12,2.10.2,6521
2.12,2.10.1,1859
2.12,2.10,626
2.12,2.1.3,127
2.12,2.1.2,54
2.12,2.1.1,228
2.12,2.1,76
2.12,2.0rc1,33
2.12,2.0b1,52
2.12,2.0.2,68
2.12,2.0.1,384
2.12,2.0,88
2.12,1.9rc1,38
2.12,1.9.1,65
2.12,1.9,75
2.12,1.8rc1,38
2.12,1.8.2,60
2.12,1.8.1,51
2.12,1.8,82
2.12,1.7rc1,32
2.12,1.7,69
2.12,1.6rc1,35
2.12,1.6.3,66
2.12,1.6.2,79
2.12,1.6.1,68
2.12,1.6,50
2.12,1.5rc1,32
2.12,1.5.3,69
2.12,1.5.2,84
2.12,1.5.1,50
2.12,1.5,54
2.12,1.4rc1,33
2.12,1.4.6,53
2.12,1.4.5,51
2.12,1.4.4,50
2.12,1.4.3,55
2.12,1.4.2,51
2.12,1.4.1,54
2.12,1.4,47
2.12,1.3rc1,34
2.12,1.3.1,57
2.12,1.3,51
2.12,1.2rc1,38
2.12,1.2,55
2.12,1.1rc1,32
2.12,1.13rc1,32
2.12,1.13.4,735
2.12,1.13.3,57
2.12,1.13.2,54
2.12,1.13.1,92
2.12,1.13,63
2.12,1.12rc1,37
2.12,1.12.6,81
2.12,1.12.5,49
2.12,1.12.4,53
